{
    "cpu_cycles_pass2_start": 39206608004020,
    "cycles_program_begin": 39205363744972,
    "perf": [
        {
            "stat": [
                "main",
                "entry",
                0.027209997177124023,
                0.053586000000000002,
                0.019137000000000001,
                200724,
                200724,
                0.0,
                0.0,
                1689661021.287621,
                39205364794878
            ],
            "sub": [
                {
                    "stat": [
                        "doParsingAndDesignResolution",
                        "entry",
                        0.16161489486694336,
                        0.066546999999999995,
                        0.026589000000000002,
                        209700,
                        210500,
                        0.0,
                        0.0,
                        1689661021.4220259,
                        39205673739406
                    ],
                    "sub": []
                },
                {
                    "stat": [
                        "doParsingAndDesignResolution",
                        "exit",
                        0.22518491744995117,
                        0.111954,
                        0.040302999999999999,
                        211816,
                        212464,
                        0.0,
                        0.0,
                        1689661021.4855959,
                        39205820388170
                    ],
                    "sub": []
                },
                {
                    "stat": [
                        "doPostDesignResolutionToVir2Vcs",
                        "entry",
                        0.23295307159423828,
                        0.114424,
                        0.044009,
                        211968,
                        212464,
                        0.0,
                        0.0,
                        1689661021.4933641,
                        39205838177422
                    ],
                    "sub": [
                        {
                            "stat": [
                                "doUptoVir2VcsNoSepCleanup",
                                "entry",
                                0.27197098731994629,
                                0.142536,
                                0.054581999999999999,
                                217156,
                                217156,
                                0.0,
                                0.0,
                                1689661021.532382,
                                39205928087692
                            ],
                            "sub": []
                        },
                        {
                            "stat": [
                                "doUptoVir2VcsNoSepCleanup",
                                "exit",
                                0.50050187110900879,
                                0.30905199999999999,
                                0.085396,
                                232156,
                                232156,
                                0.0097769999999999992,
                                0.018783999999999999,
                                1689661021.7609129,
                                39206454630940
                            ],
                            "sub": []
                        },
                        {
                            "stat": [
                                "doRadify_vir2vcsAll",
                                "entry",
                                0.50057005882263184,
                                0.30910700000000002,
                                0.085411000000000001,
                                232156,
                                232156,
                                0.0097769999999999992,
                                0.018783999999999999,
                                1689661021.7609811,
                                39206454737334
                            ],
                            "sub": []
                        },
                        {
                            "stat": [
                                "doRadify_vir2vcsAll",
                                "exit",
                                0.52274203300476074,
                                0.331208,
                                0.085411000000000001,
                                232156,
                                232156,
                                0.0097769999999999992,
                                0.018783999999999999,
                                1689661021.7831531,
                                39206505936976
                            ],
                            "sub": []
                        }
                    ]
                },
                {
                    "stat": [
                        "doPostDesignResolutionToVir2Vcs",
                        "exit",
                        0.52282285690307617,
                        0.33128999999999997,
                        0.085411000000000001,
                        232156,
                        232156,
                        0.0097769999999999992,
                        0.018783999999999999,
                        1689661021.7832339,
                        39206506002616
                    ],
                    "sub": []
                },
                {
                    "stat": [
                        "doGAToPass2",
                        "entry",
                        0.52293586730957031,
                        0.33131500000000003,
                        0.085411000000000001,
                        232156,
                        232156,
                        0.0097769999999999992,
                        0.018783999999999999,
                        1689661021.7833469,
                        39206506348186
                    ],
                    "sub": [
                        {
                            "stat": [
                                "DoPass2",
                                "entry",
                                0.56706094741821289,
                                0.331341,
                                0.088896000000000003,
                                230732,
                                232156,
                                0.031276999999999999,
                                0.037346999999999998,
                                1689661021.827472,
                                39206607994968
                            ],
                            "sub": []
                        },
                        {
                            "stat": [
                                "DoPass2",
                                "exit",
                                0.79430294036865234,
                                0.52762699999999996,
                                0.115018,
                                232676,
                                232676,
                                0.031276999999999999,
                                0.041105999999999997,
                                1689661022.054714,
                                39207131604690
                            ],
                            "sub": []
                        }
                    ]
                },
                {
                    "stat": [
                        "doGAToPass2",
                        "exit",
                        0.79996895790100098,
                        0.53131899999999999,
                        0.116729,
                        232676,
                        232676,
                        0.031276999999999999,
                        0.041105999999999997,
                        1689661022.06038,
                        39207144868604
                    ],
                    "sub": []
                }
            ]
        },
        {
            "stat": [
                "main",
                "exit",
                0.80060386657714844,
                0.531856,
                0.11684700000000001,
                232676,
                232676,
                0.031276999999999999,
                0.041105999999999997,
                1689661022.0610149,
                39207146088240
            ],
            "sub": []
        }
    ],
    "CompileStrategy": "fullobj",
    "incremental": "on",
    "MlibObjs": {},
    "PrevCompiledModules": {
        "vcs_paramclassrepository": {
            "hEeZs_d": {
                "bytes": 14786,
                "mod": "vcs_paramclassrepository",
                "checksum": 0,
                "mode": 4,
                "archive": "archive.130/_prev_archive_1.a",
                "out": "hEeZs_d.o"
            }
        },
        "wb_interface": {
            "g6bI7_d": {
                "bytes": 14314,
                "mod": "wb_interface",
                "checksum": 0,
                "mode": 4,
                "archive": "archive.130/_prev_archive_1.a",
                "out": "g6bI7_d.o"
            }
        },
        "top_tb": {
            "W0eJz_d": {
                "bytes": 32188,
                "mod": "top_tb",
                "checksum": 0,
                "mode": 4,
                "archive": "archive.130/_prev_archive_1.a",
                "out": "W0eJz_d.o"
            }
        },
        "IS42VM16400K": {
            "TzJKa_d": {
                "bytes": 279604,
                "mod": "IS42VM16400K",
                "checksum": 0,
                "mode": 4,
                "archive": "archive.130/_prev_archive_1.a",
                "out": "TzJKa_d.o"
            }
        },
        "std": {
            "reYIK_d": {
                "bytes": 43096,
                "mod": "std",
                "checksum": 0,
                "mode": 4,
                "archive": "archive.130/_prev_archive_1.a",
                "out": "reYIK_d.o"
            }
        },
        "sdrc_bank_fsm": {
            "ChjVu_d": {
                "bytes": 48598,
                "mod": "sdrc_bank_fsm",
                "checksum": 0,
                "mode": 4,
                "archive": "archive.130/_prev_archive_1.a",
                "out": "ChjVu_d.o"
            }
        },
        "sdrc_top": {
            "NTNU2_d": {
                "bytes": 383298,
                "mod": "sdrc_top",
                "checksum": 0,
                "mode": 4,
                "archive": "archive.130/_prev_archive_1.a",
                "out": "NTNU2_d.o"
            }
        },
        "sdrc_package": {
            "nzhLY_d": {
                "bytes": 119634,
                "mod": "sdrc_package",
                "out": "nzhLY_d.o",
                "checksum": 0,
                "mode": 4,
                "archive": "archive.130/_24419_archive_1.a"
            }
        },
        "...MASTER...": {
            "amcQw_d": {
                "bytes": 8148,
                "mod": "...MASTER...",
                "checksum": 0,
                "mode": 4,
                "out": "objs/amcQw_d.o"
            }
        },
        "sdram_interface": {
            "hRpxA_d": {
                "bytes": 8372,
                "mod": "sdram_interface",
                "checksum": 0,
                "mode": 4,
                "archive": "archive.130/_prev_archive_1.a",
                "out": "hRpxA_d.o"
            }
        }
    },
    "SIMBData": {
        "out": "amcQwB.o",
        "bytes": 149572,
        "text": 0,
        "archive": "archive.130/_24419_archive_1.a"
    },
    "rlimit": {
        "data": -1,
        "stack": -1
    },
    "NameTable": {
        "vcs_paramclassrepository": [
            "vcs_paramclassrepository",
            "hEeZs",
            "module",
            10
        ],
        "wb_interface": [
            "wb_interface",
            "g6bI7",
            "module",
            7
        ],
        "std": [
            "std",
            "reYIK",
            "module",
            1
        ],
        "sdrc_top": [
            "sdrc_top",
            "NTNU2",
            "module",
            6
        ],
        "sdrc_bank_fsm": [
            "sdrc_bank_fsm",
            "ChjVu",
            "module",
            2
        ],
        "sdram_interface": [
            "sdram_interface",
            "hRpxA",
            "module",
            8
        ],
        "IS42VM16400K": [
            "IS42VM16400K",
            "TzJKa",
            "module",
            3
        ],
        "sdrc_package": [
            "sdrc_package",
            "nzhLY",
            "module",
            9
        ],
        "top_tb": [
            "top_tb",
            "W0eJz",
            "module",
            4
        ],
        "...MASTER...": [
            "SIM",
            "amcQw",
            "module",
            5
        ]
    },
    "stat": {
        "nMops": 62280,
        "ru_self_cgstart": {
            "ru_utime_sec": 0.331397,
            "ru_nvcsw": 28,
            "ru_majflt": 0,
            "ru_maxrss_kb": 116960,
            "ru_stime_sec": 0.088911000000000004,
            "ru_minflt": 10562,
            "ru_nivcsw": 218
        },
        "cpu_cycles_cgstart": 39206608068310,
        "mopSpeed": 310614.14621008845,
        "ru_childs_cgstart": {
            "ru_utime_sec": 0.031276999999999999,
            "ru_nvcsw": 25,
            "ru_majflt": 0,
            "ru_maxrss_kb": 116960,
            "ru_stime_sec": 0.037346999999999998,
            "ru_minflt": 4883,
            "ru_nivcsw": 31
        },
        "peak_mem_kb": 232676,
        "nQuads": 21250,
        "totalObjSize": 269206,
        "ru_self_end": {
            "ru_utime_sec": 0.53190300000000001,
            "ru_nvcsw": 30,
            "ru_majflt": 0,
            "ru_maxrss_kb": 129724,
            "ru_stime_sec": 0.116857,
            "ru_minflt": 12828,
            "ru_nivcsw": 229
        },
        "ru_childs_end": {
            "ru_utime_sec": 0.031276999999999999,
            "ru_nvcsw": 26,
            "ru_majflt": 0,
            "ru_maxrss_kb": 117040,
            "ru_stime_sec": 0.041105999999999997,
            "ru_minflt": 5107,
            "ru_nivcsw": 33
        },
        "cpu_cycles_end": 39207146170212,
        "outputSizePerQuad": 12.668517647058824,
        "cpu_cycles_total": 1782425240,
        "quadSpeed": 105981.8658793253,
        "mop/quad": 2.9308235294117648,
        "Frontend(%)": 64.397528321318234,
        "CodeGen(%)": 35.602471678681773,
        "realTime": 0.80069398880004883
    },
    "CurCompileUdps": {},
    "CurCompileModules": [
        "...MASTER...",
        "vcs_paramclassrepository",
        "std",
        "sdrc_bank_fsm",
        "sdrc_top",
        "IS42VM16400K",
        "wb_interface",
        "sdram_interface",
        "sdrc_package",
        "sdrc_package",
        "top_tb"
    ],
    "PEModules": [],
    "LVLData": [
        "SIM"
    ],
    "CompileProcesses": [
        "cgproc.24419.json"
    ],
    "Misc": {
        "vcs_build_date": "Build Date = Feb 28 2019 22:34:30",
        "csrc": "csrc",
        "vcs_version": "O-2018.09-SP2_Full64",
        "master_pid": 24419,
        "hostname": "",
        "csrc_abs": "/home/zwn/uvm/sdrc/sim/csrc",
        "VCS_HOME": "/home/zwn/EDA/Synopsys/vcs/vcs/O-2018.09-SP2",
        "daidir": "/home/zwn/uvm/sdrc/sim/./top_tb.simv.daidir",
        "cwd": "/home/zwn/uvm/sdrc/sim",
        "default_output_dir": "csrc",
        "daidir_abs": "/home/zwn/uvm/sdrc/sim/top_tb.simv.daidir",
        "archive_dir": "archive.130"
    },
    "CompileStatus": "Successful"
}