{
    "stat": {
        "ru_self_cgstart": {
            "ru_utime_sec": 0.76446499999999995,
            "ru_nvcsw": 968,
            "ru_stime_sec": 1.5258319999999999,
            "ru_nivcsw": 359,
            "ru_minflt": 10309,
            "ru_maxrss_kb": 119124,
            "ru_majflt": 1338
        },
        "ru_childs_cgstart": {
            "ru_utime_sec": 0.072153999999999996,
            "ru_nvcsw": 239,
            "ru_stime_sec": 1.115292,
            "ru_nivcsw": 97,
            "ru_minflt": 4931,
            "ru_maxrss_kb": 119124,
            "ru_majflt": 267
        },
        "realTime": 11.209805965423584,
        "cpu_cycles_cgstart": 38621096734143,
        "ru_self_end": {
            "ru_utime_sec": 1.6477439999999999,
            "ru_nvcsw": 1014,
            "ru_stime_sec": 1.912733,
            "ru_nivcsw": 610,
            "ru_minflt": 12911,
            "ru_maxrss_kb": 132924,
            "ru_majflt": 1429
        },
        "nMops": 94524,
        "cpu_cycles_total": 23380482914,
        "totalObjSize": 1452568,
        "cpu_cycles_end": 38625092775951,
        "mopSpeed": 104391.8482384345,
        "nQuads": 33813,
        "ru_childs_end": {
            "ru_utime_sec": 0.094348000000000001,
            "ru_nvcsw": 240,
            "ru_stime_sec": 1.137486,
            "ru_nivcsw": 99,
            "ru_minflt": 5155,
            "ru_maxrss_kb": 119124,
            "ru_majflt": 267
        },
        "outputSizePerQuad": 42.958861976163014,
        "quadSpeed": 37342.913593226964,
        "mop/quad": 2.795492857776595,
        "Frontend(%)": 48.023812749269268,
        "CodeGen(%)": 51.976187250730725,
        "peak_mem_kb": 234712
    },
    "PrevCompiledModules": {
        "top_tb": {
            "W0eJz_d": {
                "bytes": 32188,
                "out": "W0eJz_d.o",
                "mod": "top_tb",
                "mode": 4,
                "archive": "archive.131/_5266_archive_1.a",
                "checksum": 0
            }
        },
        "vcs_paramclassrepository": {
            "hEeZs_d": {
                "bytes": 14786,
                "out": "hEeZs_d.o",
                "mod": "vcs_paramclassrepository",
                "mode": 4,
                "archive": "archive.131/_5266_archive_1.a",
                "checksum": 0
            }
        },
        "IS42VM16400K": {
            "TzJKa_d": {
                "bytes": 279604,
                "out": "TzJKa_d.o",
                "mod": "IS42VM16400K",
                "mode": 4,
                "archive": "archive.131/_5266_archive_1.a",
                "checksum": 0
            }
        },
        "sdram_interface": {
            "hRpxA_d": {
                "bytes": 8372,
                "out": "hRpxA_d.o",
                "mod": "sdram_interface",
                "mode": 4,
                "archive": "archive.131/_5266_archive_1.a",
                "checksum": 0
            }
        },
        "wb_interface": {
            "g6bI7_d": {
                "bytes": 14314,
                "out": "g6bI7_d.o",
                "mod": "wb_interface",
                "mode": 4,
                "archive": "archive.131/_5266_archive_1.a",
                "checksum": 0
            }
        },
        "std": {
            "reYIK_d": {
                "bytes": 43096,
                "out": "reYIK_d.o",
                "mod": "std",
                "mode": 4,
                "archive": "archive.131/_5266_archive_1.a",
                "checksum": 0
            }
        },
        "...MASTER...": {
            "amcQw_d": {
                "bytes": 8148,
                "out": "objs/amcQw_d.o",
                "mod": "...MASTER...",
                "mode": 4,
                "checksum": 0
            }
        },
        "sdrc_top": {
            "NTNU2_d": {
                "bytes": 383298,
                "out": "NTNU2_d.o",
                "mod": "sdrc_top",
                "mode": 4,
                "archive": "archive.131/_5266_archive_1.a",
                "checksum": 0
            }
        },
        "sdrc_bank_fsm": {
            "ChjVu_d": {
                "bytes": 48598,
                "out": "ChjVu_d.o",
                "mod": "sdrc_bank_fsm",
                "mode": 4,
                "archive": "archive.131/_5266_archive_1.a",
                "checksum": 0
            }
        },
        "sdrc_package": {
            "nzhLY_d": {
                "bytes": 119634,
                "out": "nzhLY_d.o",
                "mod": "sdrc_package",
                "mode": 4,
                "archive": "archive.131/_5266_archive_1.a",
                "checksum": 0
            }
        }
    },
    "perf": [
        {
            "stat": [
                "main",
                "entry",
                1.0984609127044678,
                0.115924,
                0.53746700000000003,
                200748,
                200748,
                0.0,
                0.0,
                1689769208.254519,
                38601797793853
            ],
            "sub": [
                {
                    "stat": [
                        "doParsingAndDesignResolution",
                        "entry",
                        1.613257884979248,
                        0.13667699999999999,
                        0.59927900000000001,
                        209756,
                        210556,
                        0.0,
                        0.0,
                        1689769208.769316,
                        38602983978891
                    ],
                    "sub": []
                },
                {
                    "stat": [
                        "doParsingAndDesignResolution",
                        "exit",
                        3.5265870094299316,
                        0.20143900000000001,
                        0.72714500000000004,
                        211940,
                        212588,
                        0.0,
                        0.0,
                        1689769210.6826451,
                        38607391912661
                    ],
                    "sub": []
                },
                {
                    "stat": [
                        "doPostDesignResolutionToVir2Vcs",
                        "entry",
                        3.5532858371734619,
                        0.20143900000000001,
                        0.73089899999999997,
                        212092,
                        212588,
                        0.00511,
                        0.0,
                        1689769210.7093439,
                        38607453390331
                    ],
                    "sub": [
                        {
                            "stat": [
                                "doUptoVir2VcsNoSepCleanup",
                                "entry",
                                3.9820058345794678,
                                0.24631900000000001,
                                0.88046100000000005,
                                217280,
                                217280,
                                0.00511,
                                0.0,
                                1689769211.1380639,
                                38608441126105
                            ],
                            "sub": []
                        },
                        {
                            "stat": [
                                "doUptoVir2VcsNoSepCleanup",
                                "exit",
                                6.4198570251464844,
                                0.744529,
                                1.404112,
                                234324,
                                234324,
                                0.031643999999999999,
                                0.049572999999999999,
                                1689769213.5759151,
                                38614057781742
                            ],
                            "sub": []
                        },
                        {
                            "stat": [
                                "doRadify_vir2vcsAll",
                                "entry",
                                6.4207038879394531,
                                0.74482400000000004,
                                1.4046689999999999,
                                234324,
                                234324,
                                0.031643999999999999,
                                0.049572999999999999,
                                1689769213.576762,
                                38614059533480
                            ],
                            "sub": []
                        },
                        {
                            "stat": [
                                "doRadify_vir2vcsAll",
                                "exit",
                                6.6217470169067383,
                                0.76256400000000002,
                                1.504928,
                                234324,
                                234324,
                                0.031643999999999999,
                                0.049572999999999999,
                                1689769213.7778051,
                                38614523395644
                            ],
                            "sub": []
                        }
                    ]
                },
                {
                    "stat": [
                        "doPostDesignResolutionToVir2Vcs",
                        "exit",
                        6.622143030166626,
                        0.76276500000000003,
                        1.505325,
                        234324,
                        234324,
                        0.031643999999999999,
                        0.049572999999999999,
                        1689769213.7782011,
                        38614523564828
                    ],
                    "sub": []
                },
                {
                    "stat": [
                        "doGAToPass2",
                        "entry",
                        6.6221959590911865,
                        0.76278400000000002,
                        1.505363,
                        234324,
                        234324,
                        0.031643999999999999,
                        0.049572999999999999,
                        1689769213.778254,
                        38614523629950
                    ],
                    "sub": [
                        {
                            "stat": [
                                "DoPass2",
                                "entry",
                                9.4575879573822021,
                                0.76446499999999995,
                                1.5239020000000001,
                                232768,
                                234324,
                                0.072153999999999996,
                                1.115292,
                                1689769216.613646,
                                38621056199218
                            ],
                            "sub": []
                        },
                        {
                            "stat": [
                                "DoPass2",
                                "exit",
                                11.190837860107422,
                                1.6466150000000002,
                                1.898145,
                                234712,
                                234712,
                                0.094348000000000001,
                                1.137486,
                                1689769218.3468959,
                                38625049235077
                            ],
                            "sub": []
                        }
                    ]
                },
                {
                    "stat": [
                        "doGAToPass2",
                        "exit",
                        11.208591938018799,
                        1.647197,
                        1.9120979999999999,
                        234712,
                        234712,
                        0.094348000000000001,
                        1.137486,
                        1689769218.36465,
                        38625090621583
                    ],
                    "sub": []
                }
            ]
        },
        {
            "stat": [
                "main",
                "exit",
                11.20970892906189,
                1.647715,
                1.912698,
                234712,
                234712,
                0.094348000000000001,
                1.137486,
                1689769218.365767,
                38625092679465
            ],
            "sub": []
        }
    ],
    "cycles_program_begin": 38601712293037,
    "cpu_cycles_pass2_start": 38621056215506,
    "CurCompileUdps": {},
    "MlibObjs": {},
    "NameTable": {
        "vcs_paramclassrepository": [
            "vcs_paramclassrepository",
            "hEeZs",
            "module",
            10
        ],
        "IS42VM16400K": [
            "IS42VM16400K",
            "TzJKa",
            "module",
            3
        ],
        "sdrc_core": [
            "sdrc_core",
            "yYhTI",
            "module",
            12
        ],
        "std": [
            "std",
            "reYIK",
            "module",
            1
        ],
        "sdrc_xfr_ctl": [
            "sdrc_xfr_ctl",
            "gJJjI",
            "module",
            13
        ],
        "async_fifo_0001": [
            "async_fifo_0001",
            "AcpKd",
            "module",
            11
        ],
        "sdrc_bank_fsm": [
            "sdrc_bank_fsm",
            "ChjVu",
            "module",
            2
        ],
        "...MASTER...": [
            "SIM",
            "amcQw",
            "module",
            5
        ],
        "sdrc_top": [
            "sdrc_top",
            "NTNU2",
            "module",
            6
        ],
        "sdram_interface": [
            "sdram_interface",
            "hRpxA",
            "module",
            8
        ],
        "wb_interface": [
            "wb_interface",
            "g6bI7",
            "module",
            7
        ],
        "sdrc_package": [
            "sdrc_package",
            "nzhLY",
            "module",
            9
        ],
        "top_tb": [
            "top_tb",
            "W0eJz",
            "module",
            4
        ]
    },
    "CompileStrategy": "fullobj",
    "SIMBData": {
        "text": 0,
        "out": "amcQwB.o",
        "bytes": 170904,
        "archive": "archive.131/_5266_archive_1.a"
    },
    "incremental": "on",
    "CurCompileModules": [
        "...MASTER...",
        "...MASTER...",
        "vcs_paramclassrepository",
        "vcs_paramclassrepository",
        "std",
        "std",
        "async_fifo_0001",
        "async_fifo_0001",
        "sdrc_bank_fsm",
        "sdrc_bank_fsm",
        "sdrc_core",
        "sdrc_core",
        "sdrc_xfr_ctl",
        "sdrc_xfr_ctl",
        "sdrc_top",
        "sdrc_top",
        "IS42VM16400K",
        "IS42VM16400K",
        "wb_interface",
        "wb_interface",
        "sdram_interface",
        "sdram_interface",
        "sdrc_package",
        "sdrc_package",
        "top_tb",
        "top_tb"
    ],
    "PEModules": [],
    "LVLData": [
        "SIM"
    ],
    "CompileProcesses": [
        "cgproc.5266.json"
    ],
    "Misc": {
        "vcs_version": "O-2018.09-SP2_Full64",
        "vcs_build_date": "Build Date = Feb 28 2019 22:34:30",
        "cwd": "/home/zwn/uvm/sdrc/sim",
        "master_pid": 5266,
        "VCS_HOME": "/home/zwn/EDA/Synopsys/vcs/vcs/O-2018.09-SP2",
        "csrc": "csrc",
        "daidir_abs": "/home/zwn/uvm/sdrc/sim/top_tb.simv.daidir",
        "hostname": "",
        "archive_dir": "archive.131",
        "default_output_dir": "csrc",
        "csrc_abs": "/home/zwn/uvm/sdrc/sim/csrc",
        "daidir": "/home/zwn/uvm/sdrc/sim/./top_tb.simv.daidir"
    },
    "rlimit": {
        "data": -1,
        "stack": -1
    },
    "CompileStatus": "Successful"
}