{
    "ObjArchives": [
        {
            "archive": "archive.131/_5266_archive_1.a",
            "objects": [
                [
                    "hEeZs_d.o",
                    15038
                ],
                [
                    "reYIK_d.o",
                    43346
                ],
                [
                    "AcpKd_d.o",
                    67550
                ],
                [
                    "ChjVu_d.o",
                    75018
                ],
                [
                    "yYhTI_d.o",
                    222706
                ],
                [
                    "gJJjI_d.o",
                    166398
                ],
                [
                    "NTNU2_d.o",
                    167346
                ],
                [
                    "TzJKa_d.o",
                    339328
                ],
                [
                    "g6bI7_d.o",
                    14564
                ],
                [
                    "hRpxA_d.o",
                    8810
                ],
                [
                    "nzhLY_d.o",
                    119860
                ],
                [
                    "W0eJz_d.o",
                    33552
                ],
                [
                    "amcQwB.o",
                    170904
                ]
            ],
            "size": 1444420
        }
    ],
    "Modules": {
        "...MASTER...": {
            "child_modules": {
                "top_tb": 1,
                "vcs_paramclassrepository": 1,
                "std": 1,
                "sdrc_package": 1
            },
            "start_perf": [
                9.4756870269775391,
                0.76508900000000002,
                1.5258319999999999,
                232768,
                234324,
                1689769216.6317451,
                38621097908995
            ],
            "end_perf": [
                9.8034548759460449,
                0.79350200000000004,
                1.638199,
                233744,
                234324,
                38621853012363,
                0,
                0
            ],
            "nQuads": 0,
            "nMops": 0,
            "nRouts": 5
        },
        "sdrc_top": {
            "Compiled": "Yes",
            "child_modules": {
                "async_fifo_0001": 1,
                "sdrc_core": 1
            },
            "start_perf": [
                10.632009029388428,
                1.254267,
                1.781855,
                234712,
                234712,
                1689769217.7880671,
                38623761719087
            ],
            "Compiled Times": 128,
            "end_perf": [
                10.772414922714233,
                1.3590800000000001,
                1.8137539999999999,
                234712,
                234712,
                38624085275151,
                51539607553,
                0
            ],
            "nQuads": 4821,
            "nMops": 13575,
            "nRouts": 514
        },
        "sdrc_core": {
            "Compiled": "Yes",
            "child_modules": {
                "sdrc_bank_fsm": 4,
                "sdrc_xfr_ctl": 1
            },
            "start_perf": [
                10.269706964492798,
                0.96884099999999995,
                1.7209479999999999,
                234712,
                234712,
                1689769217.425765,
                38622927031257
            ],
            "Compiled Times": 1,
            "end_perf": [
                10.465590953826904,
                1.1445970000000001,
                1.729392,
                234712,
                234712,
                38623378630283,
                38654705665,
                0
            ],
            "nQuads": 7051,
            "nMops": 18425,
            "nRouts": 793
        },
        "IS42VM16400K": {
            "Compiled": "Yes",
            "child_modules": {},
            "start_perf": [
                10.772490978240967,
                1.359113,
                1.813798,
                234712,
                234712,
                1689769217.9285491,
                38624085367491
            ],
            "Compiled Times": 132,
            "end_perf": [
                11.002636909484863,
                1.557288,
                1.839547,
                234712,
                234712,
                38624615967312,
                55834574849,
                0
            ],
            "nQuads": 9134,
            "nMops": 30134,
            "nRouts": 277
        },
        "vcs_paramclassrepository": {
            "Compiled": "Yes",
            "start_perf": [
                9.8039009571075439,
                0.79357800000000001,
                1.6383540000000001,
                233744,
                234324,
                1689769216.959959,
                38621853975691
            ],
            "child_modules": {},
            "Compiled Times": 18,
            "svclass": [
                "std_mailbox_30122297881914044423_41",
                1746,
                136,
                9,
                9,
                0
            ],
            "end_perf": [
                9.9334399700164795,
                0.80613599999999996,
                1.669116,
                234712,
                234712,
                38622152396981,
                77309411329,
                0
            ],
            "nQuads": 59,
            "nMops": 137,
            "nRouts": 17
        },
        "std": {
            "Compiled": "Yes",
            "start_perf": [
                9.9335389137268066,
                0.80616900000000002,
                1.6691829999999999,
                234712,
                234712,
                1689769217.089597,
                38622152559589
            ],
            "child_modules": {},
            "Compiled Times": 132,
            "svclass": [
                "$vcs_nba_dyn_obj",
                576,
                35,
                2,
                2,
                0,
                "sigprop$$",
                576,
                35,
                2,
                2,
                0,
                "process",
                2380,
                200,
                8,
                8,
                0,
                "event",
                597,
                34,
                2,
                2,
                0,
                "mailbox",
                1769,
                140,
                9,
                9,
                0,
                "semaphore",
                1119,
                84,
                5,
                5,
                0
            ],
            "end_perf": [
                10.016057014465332,
                0.81565799999999999,
                1.692876,
                234712,
                234712,
                38622342744379,
                8589934594,
                0
            ],
            "nQuads": 221,
            "nMops": 529,
            "nRouts": 36
        },
        "sdrc_xfr_ctl": {
            "Compiled": "Yes",
            "child_modules": {},
            "start_perf": [
                10.46582293510437,
                1.1446909999999999,
                1.729533,
                234712,
                234712,
                1689769217.621881,
                38623379057195
            ],
            "Compiled Times": 1,
            "end_perf": [
                10.631929874420166,
                1.2542340000000001,
                1.7818079999999998,
                234712,
                234712,
                38623761621437,
                47244640257,
                0
            ],
            "nQuads": 6307,
            "nMops": 14362,
            "nRouts": 537
        },
        "async_fifo_0001": {
            "Compiled": "Yes",
            "child_modules": {},
            "start_perf": [
                10.016155004501343,
                0.81569100000000005,
                1.6929430000000001,
                234712,
                234712,
                1689769217.1722131,
                38622342887421
            ],
            "Compiled Times": 1,
            "end_perf": [
                10.187542915344238,
                0.89874500000000002,
                1.720893,
                234712,
                234712,
                38622737814199,
                17179869185,
                0
            ],
            "nQuads": 1750,
            "nMops": 5032,
            "nRouts": 183
        },
        "sdrc_bank_fsm": {
            "Compiled": "Yes",
            "child_modules": {},
            "start_perf": [
                10.187625885009766,
                0.89877399999999996,
                1.7209479999999999,
                234712,
                234712,
                1689769217.343684,
                38622737935633
            ],
            "Compiled Times": 132,
            "end_perf": [
                10.269649028778076,
                0.96878200000000003,
                1.7209479999999999,
                234712,
                234712,
                38622926941153,
                30064771073,
                0
            ],
            "nQuads": 2671,
            "nMops": 5637,
            "nRouts": 268
        },
        "sdram_interface": {
            "Compiled": "Yes",
            "child_modules": {},
            "start_perf": [
                11.007225036621094,
                1.5616479999999999,
                1.839682,
                234712,
                234712,
                1689769218.1632831,
                38624626163788
            ],
            "Compiled Times": 128,
            "end_perf": [
                11.010617017745972,
                1.56494,
                1.839682,
                234712,
                234712,
                38624634034229,
                64424509441,
                0
            ],
            "nQuads": 24,
            "nMops": 62,
            "nRouts": 12
        },
        "wb_interface": {
            "Compiled": "Yes",
            "start_perf": [
                11.002883911132812,
                1.557402,
                1.839682,
                234712,
                234712,
                1689769218.158942,
                38624616181346
            ],
            "child_modules": {},
            "Compiled Times": 128,
            "svclass": [
                "wb_interface_vcs_virt_intf_C",
                0,
                0,
                0,
                0,
                0
            ],
            "end_perf": [
                11.007165908813477,
                1.561588,
                1.839682,
                234712,
                234712,
                38624626079240,
                60129542145,
                0
            ],
            "nQuads": 36,
            "nMops": 92,
            "nRouts": 14
        },
        "sdrc_package": {
            "Compiled": "Yes",
            "start_perf": [
                11.010674953460693,
                1.5649980000000001,
                1.839682,
                234712,
                234712,
                1689769218.166733,
                38624634113511
            ],
            "child_modules": {},
            "Compiled Times": 127,
            "svclass": [
                "sdrc_item",
                750,
                41,
                3,
                2,
                68719476739,
                "sdrc_driver",
                16727,
                2119,
                52,
                5,
                68719476749,
                "sdrc_monitor",
                3766,
                441,
                10,
                3,
                68719476815,
                "sdrc_scoreboard",
                7249,
                859,
                13,
                3,
                68719476835,
                "sdrc_environment",
                7740,
                896,
                20,
                3,
                68719476880,
                "case1",
                2572,
                286,
                4,
                3,
                68719476916
            ],
            "end_perf": [
                11.082363843917847,
                1.63001,
                1.84283,
                234712,
                234712,
                38624799331764,
                68719476737,
                0
            ],
            "nQuads": 1233,
            "nMops": 4661,
            "nRouts": 111
        },
        "top_tb": {
            "Compiled": "Yes",
            "child_modules": {
                "sdram_interface": 1,
                "wb_interface": 1,
                "IS42VM16400K": 1,
                "sdrc_top": 1
            },
            "start_perf": [
                11.082434892654419,
                1.6300430000000001,
                1.842868,
                234712,
                234712,
                1689769218.238493,
                38624799451414
            ],
            "Compiled Times": 132,
            "end_perf": [
                11.101881980895996,
                1.6466150000000002,
                1.842868,
                234712,
                234712,
                38624844325059,
                73014444033,
                0
            ],
            "nQuads": 506,
            "nMops": 1878,
            "nRouts": 67
        }
    },
    "CompUnits": {
        "W0eJz_d": {
            "text": 13995,
            "out": "W0eJz_d.o",
            "mod": "top_tb",
            "bytes": 33552,
            "mode": 4,
            "archive": "archive.131/_5266_archive_1.a",
            "checksum": 0
        },
        "hEeZs_d": {
            "text": 1993,
            "out": "hEeZs_d.o",
            "mod": "vcs_paramclassrepository",
            "cls": 1746,
            "bytes": 15038,
            "mode": 4,
            "archive": "archive.131/_5266_archive_1.a",
            "checksum": 0
        },
        "yYhTI_d": {
            "text": 122185,
            "out": "yYhTI_d.o",
            "mod": "sdrc_core",
            "bytes": 222706,
            "mode": 4,
            "archive": "archive.131/_5266_archive_1.a",
            "checksum": 0
        },
        "amcQw_d": {
            "text": 482,
            "out": "objs/amcQw_d.o",
            "mod": "...MASTER...",
            "bytes": 8148,
            "mode": 4,
            "checksum": 0
        },
        "reYIK_d": {
            "text": 7349,
            "out": "reYIK_d.o",
            "mod": "std",
            "cls": 7017,
            "bytes": 43346,
            "mode": 4,
            "archive": "archive.131/_5266_archive_1.a",
            "checksum": 0
        },
        "NTNU2_d": {
            "text": 96321,
            "out": "NTNU2_d.o",
            "mod": "sdrc_top",
            "bytes": 167346,
            "mode": 4,
            "archive": "archive.131/_5266_archive_1.a",
            "checksum": 0
        },
        "AcpKd_d": {
            "text": 37385,
            "out": "AcpKd_d.o",
            "mod": "async_fifo_0001",
            "bytes": 67550,
            "mode": 4,
            "archive": "archive.131/_5266_archive_1.a",
            "checksum": 0
        },
        "ChjVu_d": {
            "text": 41593,
            "out": "ChjVu_d.o",
            "mod": "sdrc_bank_fsm",
            "bytes": 75018,
            "mode": 4,
            "archive": "archive.131/_5266_archive_1.a",
            "checksum": 0
        },
        "gJJjI_d": {
            "text": 101765,
            "out": "gJJjI_d.o",
            "mod": "sdrc_xfr_ctl",
            "bytes": 166398,
            "mode": 4,
            "archive": "archive.131/_5266_archive_1.a",
            "checksum": 0
        },
        "hRpxA_d": {
            "text": 619,
            "out": "hRpxA_d.o",
            "mod": "sdram_interface",
            "bytes": 8810,
            "mode": 4,
            "archive": "archive.131/_5266_archive_1.a",
            "checksum": 0
        },
        "g6bI7_d": {
            "text": 859,
            "out": "g6bI7_d.o",
            "mod": "wb_interface",
            "bytes": 14564,
            "mode": 4,
            "archive": "archive.131/_5266_archive_1.a",
            "checksum": 0
        },
        "TzJKa_d": {
            "text": 202723,
            "out": "TzJKa_d.o",
            "mod": "IS42VM16400K",
            "bytes": 339328,
            "mode": 4,
            "archive": "archive.131/_5266_archive_1.a",
            "checksum": 0
        },
        "nzhLY_d": {
            "text": 39371,
            "out": "nzhLY_d.o",
            "mod": "sdrc_package",
            "cls": 38804,
            "bytes": 119860,
            "mode": 4,
            "archive": "archive.131/_5266_archive_1.a",
            "checksum": 0
        }
    },
    "reusePaths": {},
    "stat": {
        "ru_self_end": {
            "ru_utime_sec": 1.6474220000000002,
            "ru_nvcsw": 1014,
            "ru_stime_sec": 1.9123589999999999,
            "ru_nivcsw": 610,
            "ru_minflt": 12911,
            "ru_maxrss_kb": 132924,
            "ru_majflt": 1429
        },
        "ru_childs_end": {
            "ru_utime_sec": 0.094348000000000001,
            "ru_nvcsw": 240,
            "ru_stime_sec": 1.137486,
            "ru_nivcsw": 99,
            "ru_minflt": 5155,
            "ru_maxrss_kb": 119124,
            "ru_majflt": 267
        },
        "cpu_cycles_end": 38625091200033,
        "peak_mem_kb": 234712
    }
}