{
    "cycles_program_begin": 10682499372328,
    "stat": {
        "peak_mem_kb": 287728,
        "ru_self_cgstart": {
            "ru_utime_sec": 10.503263,
            "ru_minflt": 26843,
            "ru_maxrss_kb": 185092,
            "ru_stime_sec": 6.5383519999999997,
            "ru_majflt": 1376,
            "ru_nvcsw": 1185,
            "ru_nivcsw": 2305
        },
        "ru_childs_cgstart": {
            "ru_utime_sec": 0.177178,
            "ru_minflt": 4942,
            "ru_maxrss_kb": 185092,
            "ru_stime_sec": 1.6623809999999999,
            "ru_majflt": 276,
            "ru_nvcsw": 249,
            "ru_nivcsw": 209
        },
        "totalObjSize": 1704808,
        "nQuads": 158283,
        "nMops": 493316,
        "cpu_cycles_cgstart": 10754325093708,
        "ru_self_end": {
            "ru_utime_sec": 13.192197,
            "ru_minflt": 28659,
            "ru_maxrss_kb": 188248,
            "ru_stime_sec": 6.8549329999999999,
            "ru_majflt": 1472,
            "ru_nvcsw": 1238,
            "ru_nivcsw": 3217
        },
        "ru_childs_end": {
            "ru_utime_sec": 0.181669,
            "ru_minflt": 5165,
            "ru_maxrss_kb": 185092,
            "ru_stime_sec": 1.6668720000000001,
            "ru_majflt": 278,
            "ru_nvcsw": 252,
            "ru_nivcsw": 212
        },
        "cpu_cycles_end": 10763028571030,
        "cpu_cycles_total": 80529198702,
        "mopSpeed": 183155.64754912429,
        "quadSpeed": 58766.440498621654,
        "CodeGen(%)": 20.139464534787471,
        "realTime": 37.65007495880127,
        "mop/quad": 3.1166707732352812,
        "outputSizePerQuad": 10.770632348388645,
        "Frontend(%)": 79.860535465212536
    },
    "perf": [
        {
            "stat": [
                "main",
                "entry",
                2.7594330310821533,
                0.108739,
                2.0242290000000001,
                200768,
                200768,
                0.0,
                0.0,
                1692850470.3832281,
                10682639492066
            ],
            "sub": [
                {
                    "stat": [
                        "doParsingAndDesignResolution",
                        "entry",
                        6.6825740337371826,
                        0.182696,
                        2.9231410000000002,
                        209788,
                        210588,
                        0.0,
                        0.0,
                        1692850474.3063691,
                        10691677966928
                    ],
                    "sub": []
                },
                {
                    "stat": [
                        "doParsingAndDesignResolution",
                        "exit",
                        18.537136077880859,
                        3.9463759999999999,
                        5.2418649999999998,
                        252636,
                        253284,
                        0.0,
                        0.0,
                        1692850486.1609311,
                        10718991598714
                    ],
                    "sub": []
                },
                {
                    "stat": [
                        "doPostDesignResolutionToVir2Vcs",
                        "entry",
                        18.786078929901123,
                        4.0262760000000002,
                        5.2418649999999998,
                        252636,
                        253284,
                        0.015447000000000001,
                        0.092683000000000001,
                        1692850486.409874,
                        10719565063718
                    ],
                    "sub": [
                        {
                            "stat": [
                                "doUptoVir2VcsNoSepCleanup",
                                "entry",
                                20.464720964431763,
                                5.3905620000000001,
                                5.2418649999999998,
                                254688,
                                254688,
                                0.015447000000000001,
                                0.092683000000000001,
                                1692850488.088516,
                                10723432722682
                            ],
                            "sub": []
                        },
                        {
                            "stat": [
                                "doUptoVir2VcsNoSepCleanup",
                                "exit",
                                29.091357946395874,
                                9.9456020000000009,
                                6.1194269999999999,
                                263544,
                                279844,
                                0.062780000000000002,
                                0.35099999999999998,
                                1692850496.715153,
                                10743308987430
                            ],
                            "sub": []
                        },
                        {
                            "stat": [
                                "doRadify_vir2vcsAll",
                                "entry",
                                29.10586404800415,
                                9.9459409999999995,
                                6.1196359999999999,
                                263544,
                                279844,
                                0.062780000000000002,
                                0.35099999999999998,
                                1692850496.7296591,
                                10743342438070
                            ],
                            "sub": []
                        },
                        {
                            "stat": [
                                "doRadify_vir2vcsAll",
                                "exit",
                                30.397170066833496,
                                10.465887,
                                6.5053270000000003,
                                287728,
                                287728,
                                0.062780000000000002,
                                0.35099999999999998,
                                1692850498.0209651,
                                10746318321600
                            ],
                            "sub": []
                        }
                    ]
                },
                {
                    "stat": [
                        "doPostDesignResolutionToVir2Vcs",
                        "exit",
                        30.397544860839844,
                        10.46612,
                        6.505471,
                        287728,
                        287728,
                        0.062780000000000002,
                        0.35099999999999998,
                        1692850498.0213399,
                        10746318546440
                    ],
                    "sub": []
                },
                {
                    "stat": [
                        "doGAToPass2",
                        "entry",
                        30.397636890411377,
                        10.466168,
                        6.5055009999999998,
                        287728,
                        287728,
                        0.062780000000000002,
                        0.35099999999999998,
                        1692850498.0214319,
                        10746318637374
                    ],
                    "sub": [
                        {
                            "stat": [
                                "DoPass2",
                                "entry",
                                33.853684902191162,
                                10.503263,
                                6.5325170000000004,
                                280068,
                                287728,
                                0.177178,
                                1.6623809999999999,
                                1692850501.4774799,
                                10754281778976
                            ],
                            "sub": []
                        },
                        {
                            "stat": [
                                "DoPass2",
                                "exit",
                                37.626071929931641,
                                13.186223999999999,
                                6.8433320000000002,
                                284764,
                                287728,
                                0.181669,
                                1.6668720000000001,
                                1692850505.249867,
                                10762973441546
                            ],
                            "sub": []
                        }
                    ]
                },
                {
                    "stat": [
                        "doGAToPass2",
                        "exit",
                        37.643388986587524,
                        13.188646,
                        6.8548169999999997,
                        284764,
                        287728,
                        0.181669,
                        1.6668720000000001,
                        1692850505.267184,
                        10763013585512
                    ],
                    "sub": []
                }
            ]
        },
        {
            "stat": [
                "main",
                "exit",
                37.649935960769653,
                13.192094000000001,
                6.8549329999999999,
                284764,
                287728,
                0.181669,
                1.6668720000000001,
                1692850505.273731,
                10763028430902
            ],
            "sub": []
        }
    ],
    "CompileStrategy": "fullobj",
    "rlimit": {
        "data": -1,
        "stack": -1
    },
    "cpu_cycles_pass2_start": 10754281794016,
    "MlibObjs": {},
    "PrevCompiledModules": {
        "cmsdk_ahb_to_apb": {
            "jt5yu_d": {
                "bytes": 53232,
                "mod": "cmsdk_ahb_to_apb",
                "mode": 4,
                "checksum": 0,
                "out": "jt5yu_d.o",
                "archive": "archive.204/_4898_archive_1.a"
            }
        },
        "top_tb": {
            "W0eJz_d": {
                "bytes": 34432,
                "mod": "top_tb",
                "mode": 4,
                "checksum": 0,
                "out": "W0eJz_d.o",
                "archive": "archive.204/_prev_archive_1.a"
            }
        },
        "uvm_pkg": {
            "zr7M1_d": {
                "bytes": 5997162,
                "mod": "uvm_pkg",
                "mode": 4,
                "checksum": 0,
                "out": "zr7M1_d.o",
                "archive": "archive.204/_prev_archive_1.a"
            }
        },
        "apb_interface": {
            "ybpDS_d": {
                "bytes": 15308,
                "mod": "apb_interface",
                "mode": 4,
                "checksum": 0,
                "out": "ybpDS_d.o",
                "archive": "archive.204/_prev_archive_1.a"
            }
        },
        "uvm_custom_install_verdi_recording": {
            "EbjT3_d": {
                "bytes": 1254476,
                "mod": "uvm_custom_install_verdi_recording",
                "archive": "archive.204/_4898_archive_1.a",
                "out": "EbjT3_d.o",
                "mode": 4,
                "checksum": 0
            }
        },
        "_vcs_msglog": {
            "zQBzV_d": {
                "bytes": 11174,
                "mod": "_vcs_msglog",
                "mode": 4,
                "checksum": 0,
                "out": "zQBzV_d.o",
                "archive": "archive.204/_prev_archive_1.a"
            }
        },
        "ahbl_interface": {
            "qu7u3_d": {
                "bytes": 17840,
                "mod": "ahbl_interface",
                "mode": 4,
                "checksum": 0,
                "out": "qu7u3_d.o",
                "archive": "archive.204/_prev_archive_1.a"
            }
        },
        "vcs_paramclassrepository": {
            "hEeZs_d": {
                "bytes": 7885434,
                "mod": "vcs_paramclassrepository",
                "archive": "archive.204/_prev_archive_1.a",
                "out": "hEeZs_d.o",
                "mode": 4,
                "checksum": 0
            }
        },
        "std": {
            "reYIK_d": {
                "bytes": 44614,
                "mod": "std",
                "mode": 4,
                "checksum": 0,
                "out": "reYIK_d.o",
                "archive": "archive.204/_prev_archive_1.a"
            }
        },
        "ahbl_apb_package": {
            "v2NcZ_d": {
                "bytes": 387044,
                "mod": "ahbl_apb_package",
                "archive": "archive.204/_prev_archive_1.a",
                "out": "v2NcZ_d.o",
                "mode": 4,
                "checksum": 0
            }
        },
        "_vcs_unit__1607640006": {
            "FgaA8_d": {
                "bytes": 22124,
                "mod": "_vcs_unit__1607640006",
                "mode": 4,
                "checksum": 0,
                "out": "FgaA8_d.o",
                "archive": "archive.204/_prev_archive_1.a"
            }
        },
        "...MASTER...": {
            "amcQw_d": {
                "bytes": 9274,
                "mod": "...MASTER...",
                "mode": 4,
                "checksum": 0,
                "out": "objs/amcQw_d.o"
            }
        },
        "_vcs_DPI_package": {
            "uM9F1_d": {
                "bytes": 19870,
                "mod": "_vcs_DPI_package",
                "mode": 4,
                "checksum": 0,
                "out": "uM9F1_d.o",
                "archive": "archive.204/_prev_archive_1.a"
            }
        }
    },
    "SIMBData": {
        "archive": "archive.204/_4898_archive_1.a",
        "out": "amcQwB.o",
        "bytes": 397100,
        "text": 0
    },
    "PEModules": [],
    "NameTable": {
        "_vcs_DPI_package": [
            "_vcs_DPI_package",
            "uM9F1",
            "module",
            8
        ],
        "ahbl_interface": [
            "ahbl_interface",
            "qu7u3",
            "module",
            3
        ],
        "vcs_paramclassrepository": [
            "vcs_paramclassrepository",
            "hEeZs",
            "module",
            9
        ],
        "std": [
            "std",
            "reYIK",
            "module",
            1
        ],
        "_vcs_unit__1607640006": [
            "_vcs_unit__1607640006",
            "FgaA8",
            "module",
            10
        ],
        "apb_interface": [
            "apb_interface",
            "ybpDS",
            "module",
            4
        ],
        "uvm_pkg": [
            "uvm_pkg",
            "zr7M1",
            "module",
            11
        ],
        "_vcs_msglog": [
            "_vcs_msglog",
            "zQBzV",
            "module",
            12
        ],
        "uvm_custom_install_verdi_recording": [
            "uvm_custom_install_verdi_recording",
            "EbjT3",
            "module",
            13
        ],
        "cmsdk_ahb_to_apb": [
            "cmsdk_ahb_to_apb",
            "jt5yu",
            "module",
            2
        ],
        "ahbl_apb_package": [
            "ahbl_apb_package",
            "v2NcZ",
            "module",
            14
        ],
        "top_tb": [
            "top_tb",
            "W0eJz",
            "module",
            5
        ],
        "...MASTER...": [
            "SIM",
            "amcQw",
            "module",
            6
        ]
    },
    "CurCompileUdps": {},
    "incremental": "on",
    "CurCompileModules": [
        "...MASTER...",
        "vcs_paramclassrepository",
        "_vcs_DPI_package",
        "_vcs_unit__1607640006",
        "std",
        "uvm_pkg",
        "_vcs_msglog",
        "uvm_custom_install_verdi_recording",
        "uvm_custom_install_verdi_recording",
        "cmsdk_ahb_to_apb",
        "cmsdk_ahb_to_apb",
        "ahbl_interface",
        "apb_interface",
        "ahbl_apb_package",
        "top_tb"
    ],
    "LVLData": [
        "SIM"
    ],
    "CompileProcesses": [
        "cgproc.4898.json"
    ],
    "Misc": {
        "vcs_version": "O-2018.09-SP2_Full64",
        "csrc": "csrc",
        "csrc_abs": "/home/zwn/uvm/AHBL2APB_bridge/sim/csrc",
        "vcs_build_date": "Build Date = Feb 28 2019 22:34:30",
        "master_pid": 4898,
        "hostname": "",
        "daidir": "/home/zwn/uvm/AHBL2APB_bridge/sim/./top_tb.simv.daidir",
        "VCS_HOME": "/home/zwn/EDA/Synopsys/vcs/vcs/O-2018.09-SP2",
        "default_output_dir": "csrc",
        "cwd": "/home/zwn/uvm/AHBL2APB_bridge/sim",
        "daidir_abs": "/home/zwn/uvm/AHBL2APB_bridge/sim/top_tb.simv.daidir",
        "archive_dir": "archive.204"
    },
    "CompileStatus": "Successful"
}