{
    "cycles_program_begin": 11437569245020,
    "LVLData": [
        "SIM"
    ],
    "incremental": "on",
    "perf": [
        {
            "stat": [
                "main",
                "entry",
                0.052618026733398438,
                0.052447000000000001,
                0.048076000000000001,
                200768,
                200768,
                0.0,
                0.0,
                1692850798.0354819,
                11437569582056
            ],
            "sub": [
                {
                    "stat": [
                        "doParsingAndDesignResolution",
                        "entry",
                        0.34237909317016602,
                        0.079224000000000003,
                        0.055923,
                        209788,
                        210588,
                        0.0,
                        0.0,
                        1692850798.325243,
                        11438237149322
                    ],
                    "sub": []
                },
                {
                    "stat": [
                        "doParsingAndDesignResolution",
                        "exit",
                        4.2105460166931152,
                        2.8342510000000001,
                        1.071995,
                        252636,
                        253284,
                        0.0,
                        0.0,
                        1692850802.1934099,
                        11447149681196
                    ],
                    "sub": []
                },
                {
                    "stat": [
                        "doPostDesignResolutionToVir2Vcs",
                        "entry",
                        4.2477490901947021,
                        2.8638820000000003,
                        1.071995,
                        252636,
                        253284,
                        0.0,
                        0.0055399999999999998,
                        1692850802.230613,
                        11447235394654
                    ],
                    "sub": [
                        {
                            "stat": [
                                "doUptoVir2VcsNoSepCleanup",
                                "entry",
                                5.2740499973297119,
                                3.8706230000000001,
                                1.071995,
                                254688,
                                254688,
                                0.0,
                                0.0055399999999999998,
                                1692850803.2569139,
                                11449600088236
                            ],
                            "sub": []
                        },
                        {
                            "stat": [
                                "doUptoVir2VcsNoSepCleanup",
                                "exit",
                                8.8096160888671875,
                                6.9897929999999997,
                                1.3309579999999999,
                                263544,
                                279844,
                                0.019446999999999999,
                                0.029964000000000001,
                                1692850806.79248,
                                11457746513588
                            ],
                            "sub": []
                        },
                        {
                            "stat": [
                                "doRadify_vir2vcsAll",
                                "entry",
                                8.8098599910736084,
                                6.9899979999999999,
                                1.330997,
                                263544,
                                279844,
                                0.019446999999999999,
                                0.029964000000000001,
                                1692850806.7927239,
                                11457746780972
                            ],
                            "sub": []
                        },
                        {
                            "stat": [
                                "doRadify_vir2vcsAll",
                                "exit",
                                10.054579019546509,
                                7.6503899999999998,
                                1.8997299999999999,
                                287724,
                                287724,
                                0.019446999999999999,
                                0.029964000000000001,
                                1692850808.0374429,
                                11460614854580
                            ],
                            "sub": []
                        }
                    ]
                },
                {
                    "stat": [
                        "doPostDesignResolutionToVir2Vcs",
                        "exit",
                        10.05470609664917,
                        7.6504960000000004,
                        1.899756,
                        287724,
                        287724,
                        0.019446999999999999,
                        0.029964000000000001,
                        1692850808.03757,
                        11460614925964
                    ],
                    "sub": []
                },
                {
                    "stat": [
                        "doGAToPass2",
                        "entry",
                        10.054733991622925,
                        7.6505179999999999,
                        1.899761,
                        287724,
                        287724,
                        0.019446999999999999,
                        0.029964000000000001,
                        1692850808.0375979,
                        11460614977176
                    ],
                    "sub": [
                        {
                            "stat": [
                                "DoPass2",
                                "entry",
                                10.634711027145386,
                                7.68126,
                                1.9144640000000002,
                                280064,
                                287724,
                                0.039061999999999999,
                                0.50966500000000003,
                                1692850808.6175749,
                                11461951408774
                            ],
                            "sub": []
                        },
                        {
                            "stat": [
                                "DoPass2",
                                "exit",
                                12.92055606842041,
                                9.7237430000000007,
                                2.0398170000000002,
                                284760,
                                287724,
                                0.039061999999999999,
                                0.51473100000000005,
                                1692850810.90342,
                                11467218067624
                            ],
                            "sub": []
                        }
                    ]
                },
                {
                    "stat": [
                        "doGAToPass2",
                        "exit",
                        12.935398101806641,
                        9.7237430000000007,
                        2.0545930000000001,
                        284760,
                        287724,
                        0.039061999999999999,
                        0.51473100000000005,
                        1692850810.918262,
                        11467252283910
                    ],
                    "sub": []
                }
            ]
        },
        {
            "stat": [
                "main",
                "exit",
                12.9378821849823,
                9.7254430000000003,
                2.055377,
                284760,
                287724,
                0.039061999999999999,
                0.51473100000000005,
                1692850810.9207461,
                11467257979236
            ],
            "sub": []
        }
    ],
    "cpu_cycles_pass2_start": 11461951423806,
    "CompileProcesses": [
        "cgproc.6019.json"
    ],
    "NameTable": {
        "_vcs_DPI_package": [
            "_vcs_DPI_package",
            "uM9F1",
            "module",
            8
        ],
        "vcs_paramclassrepository": [
            "vcs_paramclassrepository",
            "hEeZs",
            "module",
            9
        ],
        "std": [
            "std",
            "reYIK",
            "module",
            1
        ],
        "cmsdk_ahb_to_apb": [
            "cmsdk_ahb_to_apb",
            "jt5yu",
            "module",
            2
        ],
        "_vcs_unit__1607640006": [
            "_vcs_unit__1607640006",
            "FgaA8",
            "module",
            10
        ],
        "uvm_custom_install_verdi_recording": [
            "uvm_custom_install_verdi_recording",
            "EbjT3",
            "module",
            13
        ],
        "ahbl_apb_package": [
            "ahbl_apb_package",
            "v2NcZ",
            "module",
            14
        ],
        "apb_interface": [
            "apb_interface",
            "ybpDS",
            "module",
            4
        ],
        "uvm_pkg": [
            "uvm_pkg",
            "zr7M1",
            "module",
            11
        ],
        "_vcs_msglog": [
            "_vcs_msglog",
            "zQBzV",
            "module",
            12
        ],
        "ahbl_interface": [
            "ahbl_interface",
            "qu7u3",
            "module",
            3
        ],
        "top_tb": [
            "top_tb",
            "W0eJz",
            "module",
            5
        ],
        "...MASTER...": [
            "SIM",
            "amcQw",
            "module",
            6
        ]
    },
    "MlibObjs": {},
    "PrevCompiledModules": {
        "top_tb": {
            "W0eJz_d": {
                "bytes": 34432,
                "mod": "top_tb",
                "out": "W0eJz_d.o",
                "mode": 4,
                "checksum": 0,
                "archive": "archive.205/_prev_archive_1.a"
            }
        },
        "ahbl_apb_package": {
            "v2NcZ_d": {
                "bytes": 387044,
                "mod": "ahbl_apb_package",
                "out": "v2NcZ_d.o",
                "mode": 4,
                "checksum": 0,
                "archive": "archive.205/_prev_archive_1.a"
            }
        },
        "uvm_pkg": {
            "zr7M1_d": {
                "bytes": 5997162,
                "mod": "uvm_pkg",
                "out": "zr7M1_d.o",
                "mode": 4,
                "checksum": 0,
                "archive": "archive.205/_prev_archive_1.a"
            }
        },
        "apb_interface": {
            "ybpDS_d": {
                "bytes": 15308,
                "mod": "apb_interface",
                "out": "ybpDS_d.o",
                "mode": 4,
                "checksum": 0,
                "archive": "archive.205/_prev_archive_1.a"
            }
        },
        "_vcs_msglog": {
            "zQBzV_d": {
                "bytes": 11174,
                "mod": "_vcs_msglog",
                "out": "zQBzV_d.o",
                "mode": 4,
                "checksum": 0,
                "archive": "archive.205/_prev_archive_1.a"
            }
        },
        "uvm_custom_install_verdi_recording": {
            "EbjT3_d": {
                "bytes": 1254476,
                "mod": "uvm_custom_install_verdi_recording",
                "mode": 4,
                "out": "EbjT3_d.o",
                "checksum": 0,
                "archive": "archive.205/_6019_archive_1.a"
            }
        },
        "_vcs_DPI_package": {
            "uM9F1_d": {
                "bytes": 19870,
                "mod": "_vcs_DPI_package",
                "out": "uM9F1_d.o",
                "mode": 4,
                "checksum": 0,
                "archive": "archive.205/_prev_archive_1.a"
            }
        },
        "vcs_paramclassrepository": {
            "hEeZs_d": {
                "bytes": 7885434,
                "mod": "vcs_paramclassrepository",
                "out": "hEeZs_d.o",
                "mode": 4,
                "checksum": 0,
                "archive": "archive.205/_prev_archive_1.a"
            }
        },
        "std": {
            "reYIK_d": {
                "bytes": 44614,
                "mod": "std",
                "out": "reYIK_d.o",
                "mode": 4,
                "checksum": 0,
                "archive": "archive.205/_prev_archive_1.a"
            }
        },
        "cmsdk_ahb_to_apb": {
            "jt5yu_d": {
                "bytes": 53232,
                "mod": "cmsdk_ahb_to_apb",
                "mode": 4,
                "out": "jt5yu_d.o",
                "checksum": 0,
                "archive": "archive.205/_6019_archive_1.a"
            }
        },
        "_vcs_unit__1607640006": {
            "FgaA8_d": {
                "bytes": 22124,
                "mod": "_vcs_unit__1607640006",
                "out": "FgaA8_d.o",
                "mode": 4,
                "checksum": 0,
                "archive": "archive.205/_prev_archive_1.a"
            }
        },
        "ahbl_interface": {
            "qu7u3_d": {
                "bytes": 17840,
                "mod": "ahbl_interface",
                "out": "qu7u3_d.o",
                "mode": 4,
                "checksum": 0,
                "archive": "archive.205/_prev_archive_1.a"
            }
        },
        "...MASTER...": {
            "amcQw_d": {
                "bytes": 9274,
                "mod": "...MASTER...",
                "out": "objs/amcQw_d.o",
                "mode": 4,
                "checksum": 0
            }
        }
    },
    "CompileStrategy": "fullobj",
    "CurCompileUdps": {},
    "Misc": {
        "vcs_version": "O-2018.09-SP2_Full64",
        "csrc": "csrc",
        "vcs_build_date": "Build Date = Feb 28 2019 22:34:30",
        "daidir_abs": "/home/zwn/uvm/AHBL2APB_bridge/sim/top_tb.simv.daidir",
        "daidir": "/home/zwn/uvm/AHBL2APB_bridge/sim/./top_tb.simv.daidir",
        "master_pid": 6019,
        "cwd": "/home/zwn/uvm/AHBL2APB_bridge/sim",
        "VCS_HOME": "/home/zwn/EDA/Synopsys/vcs/vcs/O-2018.09-SP2",
        "csrc_abs": "/home/zwn/uvm/AHBL2APB_bridge/sim/csrc",
        "hostname": "",
        "default_output_dir": "csrc",
        "archive_dir": "archive.205"
    },
    "stat": {
        "Frontend(%)": 79.06544713015937,
        "CodeGen(%)": 20.93455286984063,
        "ru_childs_end": {
            "ru_nivcsw": 66,
            "ru_minflt": 5351,
            "ru_utime_sec": 0.039061999999999999,
            "ru_stime_sec": 0.51473100000000005,
            "ru_maxrss_kb": 185884,
            "ru_majflt": 0,
            "ru_nvcsw": 29
        },
        "ru_self_cgstart": {
            "ru_nivcsw": 1652,
            "ru_minflt": 27581,
            "ru_utime_sec": 7.6813500000000001,
            "ru_stime_sec": 1.9144860000000001,
            "ru_maxrss_kb": 185884,
            "ru_majflt": 1,
            "ru_nvcsw": 46
        },
        "cpu_cycles_cgstart": 11461951573554,
        "ru_childs_cgstart": {
            "ru_nivcsw": 66,
            "ru_minflt": 5127,
            "ru_utime_sec": 0.039061999999999999,
            "ru_stime_sec": 0.50966500000000003,
            "ru_maxrss_kb": 185884,
            "ru_majflt": 0,
            "ru_nvcsw": 28
        },
        "ru_self_end": {
            "ru_nivcsw": 1966,
            "ru_minflt": 29425,
            "ru_utime_sec": 9.7255219999999998,
            "ru_stime_sec": 2.055393,
            "ru_maxrss_kb": 189236,
            "ru_majflt": 1,
            "ru_nvcsw": 48
        },
        "nMops": 500354,
        "nQuads": 160955,
        "totalObjSize": 1704808,
        "cpu_cycles_end": 11467258122470,
        "cpu_cycles_total": 29688877450,
        "quadSpeed": 78738.48188899961,
        "mopSpeed": 244770.9879599174,
        "realTime": 12.938024997711182,
        "mop/quad": 3.108657699356963,
        "outputSizePerQuad": 10.591830014600355,
        "peak_mem_kb": 287724
    },
    "PEModules": [],
    "SIMBData": {
        "out": "amcQwB.o",
        "text": 0,
        "bytes": 397100,
        "archive": "archive.205/_6019_archive_1.a"
    },
    "CompileStatus": "Successful",
    "CurCompileModules": [
        "...MASTER...",
        "vcs_paramclassrepository",
        "_vcs_DPI_package",
        "_vcs_unit__1607640006",
        "std",
        "uvm_pkg",
        "_vcs_msglog",
        "uvm_custom_install_verdi_recording",
        "uvm_custom_install_verdi_recording",
        "cmsdk_ahb_to_apb",
        "cmsdk_ahb_to_apb",
        "ahbl_interface",
        "apb_interface",
        "ahbl_apb_package",
        "top_tb"
    ],
    "rlimit": {
        "stack": -1,
        "data": -1
    }
}