{
    "CompUnits": {
        "jt5yu_d": {
            "mod": "cmsdk_ahb_to_apb",
            "mode": 4,
            "out": "jt5yu_d.o",
            "text": 31005,
            "bytes": 53232,
            "checksum": 0,
            "archive": "archive.205/_6019_archive_1.a"
        },
        "EbjT3_d": {
            "mod": "uvm_custom_install_verdi_recording",
            "mode": 4,
            "out": "EbjT3_d.o",
            "text": 491754,
            "bytes": 1254476,
            "checksum": 0,
            "cls": 298487,
            "archive": "archive.205/_6019_archive_1.a"
        }
    },
    "Modules": {
        "...MASTER...": {
            "nQuads": 0,
            "end_perf": [
                10.643323183059692,
                7.6814369999999998,
                1.917227,
                280064,
                287724,
                11461971238924,
                0,
                0
            ],
            "start_perf": [
                10.63493013381958,
                7.6814369999999998,
                1.9145080000000001,
                280064,
                287724,
                1692850808.617794,
                11461951857136
            ],
            "nRouts": 5,
            "nMops": 0,
            "child_modules": {
                "top_tb": 1,
                "uvm_pkg": 1,
                "_vcs_msglog": 1,
                "ahbl_apb_package": 1,
                "uvm_custom_install_verdi_recording": 1,
                "_vcs_DPI_package": 1,
                "vcs_paramclassrepository": 1,
                "_vcs_unit__1607640006": 1,
                "std": 1
            }
        },
        "vcs_paramclassrepository": {
            "Compiled": "Yes",
            "nQuads": 57533,
            "start_perf": [
                10.643549203872681,
                7.6814369999999998,
                1.917443,
                280064,
                287724,
                1692850808.6264131,
                11461971699838
            ],
            "end_perf": [
                11.358406066894531,
                8.3044349999999998,
                1.940936,
                280064,
                287724,
                11463618858248,
                51539607553,
                0
            ],
            "nRouts": 3266,
            "child_modules": {},
            "nMops": 183098,
            "Compiled Times": 50,
            "svclass": [
                "std_mailbox_41259355421679512995_48",
                0,
                136,
                9,
                9,
                0,
                "std_mailbox_4717320102222507819_49",
                0,
                136,
                9,
                9,
                0,
                "std_mailbox_36951920133088784204_34",
                0,
                136,
                9,
                9,
                0,
                "std_mailbox_2190068584822684823_31",
                0,
                136,
                9,
                9,
                0,
                "std_mailbox_11784808032147832686_39",
                0,
                136,
                9,
                9,
                0,
                "uvm_pkg_uvm_pool_42371590912437262221_40",
                0,
                538,
                19,
                19,
                12884905182,
                "uvm_pkg_uvm_pool_11098882532832725096_38",
                0,
                796,
                19,
                19,
                12884905182,
                "uvm_pkg_uvm_pool_42834055751402745537_69",
                0,
                825,
                19,
                19,
                12884905182,
                "uvm_pkg_uvm_pool_28656355422713151376_11",
                0,
                821,
                19,
                19,
                12884905182,
                "uvm_pkg_uvm_pool_32071924371089432609_20",
                0,
                859,
                19,
                19,
                12884905182,
                "uvm_pkg_uvm_pool_9945807051447260144_52",
                0,
                825,
                19,
                19,
                12884905182,
                "uvm_pkg_uvm_pool_11732178212485972888_36",
                0,
                825,
                19,
                19,
                12884905182,
                "uvm_pkg_uvm_pool_32868110861242157583_61",
                0,
                825,
                19,
                19,
                12884905182,
                "uvm_pkg_uvm_pool_2223740478782874312_68",
                0,
                538,
                19,
                19,
                12884905182,
                "uvm_pkg_uvm_pool_19409840873840241338_85",
                0,
                833,
                19,
                19,
                12884905182,
                "uvm_pkg_uvm_pool_2293449267561664548_67",
                0,
                804,
                19,
                19,
                12884905182,
                "uvm_pkg_uvm_pool_35087391001878650323_33",
                0,
                804,
                19,
                19,
                12884905182,
                "uvm_pkg_uvm_pool_13696848301000834817_33",
                0,
                538,
                19,
                19,
                12884905182,
                "uvm_pkg_uvm_pool_16650238291282474324_76",
                0,
                825,
                19,
                19,
                12884905182,
                "uvm_pkg_uvm_pool_19483435901447623860_74",
                0,
                538,
                19,
                19,
                12884905182,
                "uvm_pkg_uvm_pool_1790989461755815771_33",
                0,
                538,
                19,
                19,
                12884905182,
                "uvm_pkg_uvm_pool_142846883809240933_45",
                0,
                825,
                19,
                19,
                12884905182,
                "uvm_pkg_uvm_pool_36375508983246956213_44",
                0,
                825,
                19,
                19,
                12884905182,
                "uvm_pkg_uvm_object_string_pool_38085949473833222917_33",
                0,
                310,
                10,
                10,
                12884905395,
                "uvm_pkg_uvm_object_string_pool_29854323192896610176_31",
                0,
                400,
                10,
                10,
                12884905395,
                "uvm_pkg_uvm_object_string_pool_2759974267363547312_60",
                0,
                398,
                10,
                10,
                12884905395,
                "uvm_pkg_uvm_object_string_pool_22720307942187480989_26",
                0,
                398,
                10,
                10,
                12884905395,
                "uvm_pkg_uvm_queue_10131729133184263146_34",
                0,
                1381,
                18,
                18,
                12884905534,
                "uvm_pkg_uvm_queue_12401831152739582252_34",
                0,
                0,
                0,
                0,
                12884905534,
                "uvm_pkg_uvm_queue_22079939174174364057_39",
                0,
                0,
                0,
                0,
                12884905534,
                "uvm_pkg_uvm_queue_31897947402315526169_41",
                0,
                0,
                0,
                0,
                12884905534,
                "uvm_pkg_uvm_queue_1056094291977123570_7",
                0,
                719,
                18,
                18,
                12884905534,
                "uvm_pkg_uvm_component_registry_6006117703813170688_115",
                0,
                771,
                11,
                11,
                12884907517,
                "uvm_pkg_uvm_component_registry_5812522081072586346_105",
                0,
                0,
                0,
                0,
                12884907517,
                "uvm_pkg_uvm_component_registry_28100070293896687611_135",
                0,
                0,
                0,
                0,
                12884907517,
                "uvm_pkg_uvm_component_registry_14511167722043789643_52",
                0,
                0,
                0,
                0,
                12884907517,
                "uvm_pkg_uvm_component_registry_5224364112100744020_46",
                0,
                0,
                0,
                0,
                12884907517,
                "uvm_pkg_uvm_component_registry_10769986263775413933_69",
                0,
                0,
                0,
                0,
                12884907517,
                "uvm_pkg_uvm_component_registry_4769061793834587230_133",
                0,
                0,
                0,
                0,
                12884907517,
                "uvm_pkg_uvm_component_registry_644620430733589162_50",
                0,
                0,
                0,
                0,
                12884907517,
                "uvm_pkg_uvm_component_registry_5161656383360675544_44",
                0,
                0,
                0,
                0,
                12884907517,
                "uvm_pkg_uvm_component_registry_30930851271737956027_67",
                0,
                0,
                0,
                0,
                12884907517,
                "uvm_pkg_uvm_component_registry_1703191981537108163_65",
                0,
                0,
                0,
                0,
                12884907517,
                "uvm_pkg_uvm_component_registry_38245430412092756070_63",
                0,
                0,
                0,
                0,
                12884907517,
                "uvm_pkg_uvm_component_registry_175267342369055165_65",
                0,
                0,
                0,
                0,
                12884907517,
                "uvm_pkg_uvm_component_registry_25596157552281636995_67",
                0,
                0,
                0,
                0,
                12884907517,
                "uvm_pkg_uvm_component_registry_656396374222542198_50",
                0,
                0,
                0,
                0,
                12884907517,
                "uvm_pkg_uvm_component_registry_2954137271637385345_81",
                0,
                0,
                0,
                0,
                12884907517,
                "uvm_pkg_uvm_component_registry_8920706703120805690_65",
                0,
                0,
                0,
                0,
                12884907517,
                "uvm_pkg_uvm_object_registry_4935053363517778086_51",
                0,
                792,
                11,
                11,
                12884907648,
                "uvm_pkg_uvm_object_registry_33331550721853239193_53",
                0,
                0,
                0,
                0,
                12884907648,
                "uvm_pkg_uvm_object_registry_1906819324266042653_63",
                0,
                0,
                0,
                0,
                12884907648,
                "uvm_pkg_uvm_object_registry_27138642393390246789_61",
                0,
                0,
                0,
                0,
                12884907648,
                "uvm_pkg_uvm_object_registry_29344154181922724425_75",
                0,
                0,
                0,
                0,
                12884907648,
                "uvm_pkg_uvm_object_registry_28767600201035024889_53",
                0,
                0,
                0,
                0,
                12884907648,
                "uvm_pkg_uvm_object_registry_2164067094159664132_61",
                0,
                0,
                0,
                0,
                12884907648,
                "uvm_pkg_uvm_object_registry_1347888261580838246_53",
                0,
                0,
                0,
                0,
                12884907648,
                "uvm_pkg_uvm_object_registry_30483053094059138737_73",
                0,
                0,
                0,
                0,
                12884907648,
                "uvm_pkg_uvm_object_registry_14439487293049952778_53",
                0,
                0,
                0,
                0,
                12884907648,
                "uvm_pkg_uvm_object_registry_13870511283927333234_55",
                0,
                0,
                0,
                0,
                12884907648,
                "uvm_pkg_uvm_object_registry_1803450658736655051_140",
                0,
                507,
                11,
                11,
                12884907648,
                "uvm_pkg_uvm_object_registry_20195001883255690309_51",
                0,
                0,
                0,
                0,
                12884907648,
                "uvm_pkg_uvm_object_registry_1837333109238589200_49",
                0,
                0,
                0,
                0,
                12884907648,
                "uvm_pkg_uvm_object_registry_6547918343632128737_65",
                0,
                0,
                0,
                0,
                12884907648,
                "uvm_pkg_uvm_object_registry_4364088662927209418_59",
                0,
                0,
                0,
                0,
                12884907648,
                "uvm_pkg_uvm_object_registry_14191343452413913236_69",
                0,
                0,
                0,
                0,
                12884907648,
                "uvm_pkg_uvm_object_registry_342307119856880728_71",
                0,
                0,
                0,
                0,
                12884907648,
                "uvm_pkg_uvm_object_registry_12899728703437824960_130",
                0,
                507,
                11,
                11,
                12884907648,
                "uvm_pkg_uvm_object_registry_27002261902274500827_55",
                0,
                0,
                0,
                0,
                12884907648,
                "uvm_pkg_uvm_object_registry_5609186164052521641_69",
                0,
                0,
                0,
                0,
                12884907648,
                "uvm_pkg_uvm_object_registry_15399770231763244496_55",
                0,
                0,
                0,
                0,
                12884907648,
                "uvm_pkg_uvm_object_registry_273851227787825907_61",
                0,
                0,
                0,
                0,
                12884907648,
                "uvm_pkg_uvm_object_registry_1116471086386374402_47",
                0,
                0,
                0,
                0,
                12884907648,
                "uvm_pkg_uvm_object_registry_17692521782985197028_65",
                0,
                0,
                0,
                0,
                12884907648,
                "uvm_pkg_uvm_object_registry_38910011271399345106_51",
                0,
                0,
                0,
                0,
                12884907648,
                "uvm_pkg_uvm_object_registry_37873060981902812299_65",
                0,
                0,
                0,
                0,
                12884907648,
                "uvm_pkg_uvm_object_registry_433731176719709738_51",
                0,
                0,
                0,
                0,
                12884907648,
                "uvm_pkg_uvm_object_registry_38280531571839998128_59",
                0,
                0,
                0,
                0,
                12884907648,
                "uvm_pkg_uvm_object_registry_1348953888709792696_65",
                0,
                0,
                0,
                0,
                12884907648,
                "uvm_pkg_uvm_object_registry_36353121283939136215_65",
                0,
                0,
                0,
                0,
                12884907648,
                "uvm_pkg_uvm_object_registry_14423394572653327039_73",
                0,
                0,
                0,
                0,
                12884907648,
                "uvm_pkg_uvm_object_registry_13218283181657985668_63",
                0,
                0,
                0,
                0,
                12884907648,
                "uvm_pkg_uvm_object_registry_28828704562697250440_65",
                0,
                0,
                0,
                0,
                12884907648,
                "uvm_pkg_uvm_object_registry_31367509471821760984_73",
                0,
                0,
                0,
                0,
                12884907648,
                "uvm_pkg_uvm_object_registry_2120333925708090850_59",
                0,
                0,
                0,
                0,
                12884907648,
                "uvm_pkg_uvm_object_registry_5710848321973018079_63",
                0,
                0,
                0,
                0,
                12884907648,
                "uvm_pkg_uvm_object_registry_21049619662231021849_61",
                0,
                0,
                0,
                0,
                12884907648,
                "uvm_pkg_uvm_object_registry_24768834822225786411_50",
                0,
                0,
                0,
                0,
                12884907648,
                "uvm_pkg_uvm_object_registry_38272286632479333618_48",
                0,
                0,
                0,
                0,
                12884907648,
                "uvm_pkg_uvm_object_registry_13569829902842156910_44",
                0,
                0,
                0,
                0,
                12884907648,
                "uvm_pkg_uvm_spell_chkr_29865849301974608402_58",
                0,
                1000,
                6,
                6,
                12884907865,
                "uvm_pkg_m_uvm_resource_converter_27000910942830678221_40",
                0,
                102,
                5,
                5,
                12884909793,
                "uvm_pkg_m_uvm_resource_converter_25863622094079981516_23",
                0,
                70,
                3,
                3,
                12884909793,
                "uvm_pkg_m_uvm_resource_converter_1056094291977123570_7",
                0,
                70,
                3,
                3,
                12884909793,
                "uvm_pkg_m_uvm_resource_converter_17002614941379949671_32",
                0,
                0,
                0,
                0,
                12884909793,
                "uvm_pkg_m_uvm_resource_converter_3733140680830918994_39",
                0,
                0,
                0,
                0,
                12884909793,
                "uvm_pkg_m_uvm_resource_converter_40194292771222167562_12",
                0,
                70,
                3,
                3,
                12884909793,
                "uvm_pkg_m_uvm_resource_converter_20178826502325633761_4",
                0,
                70,
                3,
                3,
                12884909793,
                "uvm_pkg_m_uvm_resource_converter_27061203961639428043_15",
                0,
                70,
                3,
                3,
                12884909793,
                "uvm_pkg_m_uvm_resource_converter_40973394903465487470_45",
                0,
                70,
                3,
                3,
                12884909793,
                "uvm_pkg_m_uvm_resource_converter_2720976050237557357_47",
                0,
                0,
                0,
                0,
                12884909793,
                "uvm_pkg_m_uvm_resource_converter_30894295071101572826_35",
                0,
                0,
                0,
                0,
                12884909793,
                "uvm_pkg_m_uvm_resource_converter_11265387052000028149_4",
                0,
                70,
                3,
                3,
                12884909793,
                "uvm_pkg_m_uvm_resource_converter_24042704503083235035_9",
                0,
                70,
                3,
                3,
                12884909793,
                "uvm_pkg_m_uvm_resource_converter_13497450083373860521_8",
                0,
                71,
                3,
                3,
                12884909793,
                "uvm_pkg_m_uvm_resource_converter_31322854743492999953_5",
                0,
                70,
                3,
                3,
                12884909793,
                "uvm_pkg_m_uvm_resource_converter_2512634884385210231_6",
                0,
                70,
                3,
                3,
                12884909793,
                "uvm_pkg_m_uvm_resource_converter_34992156034188263183_4",
                0,
                70,
                3,
                3,
                12884909793,
                "uvm_pkg_m_uvm_resource_converter_9662999622205632575_8",
                0,
                73,
                3,
                3,
                12884909793,
                "uvm_pkg_m_uvm_resource_converter_36366895843937153226_5",
                0,
                77,
                3,
                3,
                12884909793,
                "uvm_pkg_m_uvm_resource_converter_42308963162334584268_5",
                0,
                70,
                3,
                3,
                12884909793,
                "uvm_pkg_m_uvm_resource_converter_14687473452946514378_11",
                0,
                70,
                3,
                3,
                12884909793,
                "uvm_pkg_m_uvm_resource_converter_41811330383157291703_12",
                0,
                70,
                3,
                3,
                12884909793,
                "uvm_pkg_m_uvm_resource_converter_4000484143912248434_16",
                0,
                70,
                3,
                3,
                12884909793,
                "uvm_pkg_m_uvm_resource_converter_29151148522412756050_15",
                0,
                70,
                3,
                3,
                12884909793,
                "uvm_pkg_uvm_resource_27000910942830678221_40",
                0,
                1529,
                17,
                17,
                12884909447,
                "uvm_pkg_uvm_resource_25863622094079981516_23",
                0,
                1151,
                17,
                17,
                12884909447,
                "uvm_pkg_uvm_resource_1056094291977123570_7",
                0,
                1155,
                17,
                17,
                12884909447,
                "uvm_pkg_uvm_resource_17002614941379949671_32",
                0,
                0,
                0,
                0,
                12884909447,
                "uvm_pkg_uvm_resource_3733140680830918994_39",
                0,
                0,
                0,
                0,
                12884909447,
                "uvm_pkg_uvm_resource_40194292771222167562_12",
                0,
                746,
                17,
                17,
                12884909447,
                "uvm_pkg_uvm_resource_20178826502325633761_4",
                0,
                1011,
                17,
                17,
                12884909447,
                "uvm_pkg_uvm_resource_27061203961639428043_15",
                0,
                709,
                17,
                17,
                12884909447,
                "uvm_pkg_uvm_resource_40973394903465487470_45",
                0,
                969,
                17,
                17,
                12884909447,
                "uvm_pkg_uvm_resource_2720976050237557357_47",
                0,
                0,
                0,
                0,
                12884909447,
                "uvm_pkg_uvm_resource_30894295071101572826_35",
                0,
                0,
                0,
                0,
                12884909447,
                "uvm_pkg_uvm_resource_11265387052000028149_4",
                0,
                1144,
                17,
                17,
                12884909447,
                "uvm_pkg_uvm_resource_24042704503083235035_9",
                0,
                747,
                17,
                17,
                12884909447,
                "uvm_pkg_uvm_resource_13497450083373860521_8",
                0,
                749,
                17,
                17,
                12884909447,
                "uvm_pkg_uvm_resource_31322854743492999953_5",
                0,
                747,
                17,
                17,
                12884909447,
                "uvm_pkg_uvm_resource_2512634884385210231_6",
                0,
                746,
                17,
                17,
                12884909447,
                "uvm_pkg_uvm_resource_34992156034188263183_4",
                0,
                746,
                17,
                17,
                12884909447,
                "uvm_pkg_uvm_resource_9662999622205632575_8",
                0,
                754,
                17,
                17,
                12884909447,
                "uvm_pkg_uvm_resource_36366895843937153226_5",
                0,
                759,
                17,
                17,
                12884909447,
                "uvm_pkg_uvm_resource_42308963162334584268_5",
                0,
                746,
                17,
                17,
                12884909447,
                "uvm_pkg_uvm_resource_14687473452946514378_11",
                0,
                747,
                17,
                17,
                12884909447,
                "uvm_pkg_uvm_resource_41811330383157291703_12",
                0,
                747,
                17,
                17,
                12884909447,
                "uvm_pkg_uvm_resource_4000484143912248434_16",
                0,
                1122,
                17,
                17,
                12884909447,
                "uvm_pkg_uvm_resource_29151148522412756050_15",
                0,
                1122,
                17,
                17,
                12884909447,
                "uvm_pkg_m_uvm_resource_default_converter_24042704503083235035_9",
                0,
                250,
                4,
                4,
                12884909817,
                "uvm_pkg_m_uvm_resource_default_converter_20178826502325633761_4",
                0,
                249,
                4,
                4,
                12884909817,
                "uvm_pkg_m_uvm_resource_default_converter_13497450083373860521_8",
                0,
                252,
                4,
                4,
                12884909817,
                "uvm_pkg_m_uvm_resource_default_converter_31322854743492999953_5",
                0,
                250,
                4,
                4,
                12884909817,
                "uvm_pkg_m_uvm_resource_default_converter_11265387052000028149_4",
                0,
                249,
                4,
                4,
                12884909817,
                "uvm_pkg_m_uvm_resource_default_converter_2512634884385210231_6",
                0,
                249,
                4,
                4,
                12884909817,
                "uvm_pkg_m_uvm_resource_default_converter_34992156034188263183_4",
                0,
                249,
                4,
                4,
                12884909817,
                "uvm_pkg_m_uvm_resource_default_converter_9662999622205632575_8",
                0,
                254,
                4,
                4,
                12884909817,
                "uvm_pkg_m_uvm_resource_default_converter_36366895843937153226_5",
                0,
                255,
                4,
                4,
                12884909817,
                "uvm_pkg_m_uvm_resource_default_converter_42308963162334584268_5",
                0,
                249,
                4,
                4,
                12884909817,
                "uvm_pkg_m_uvm_resource_default_converter_1056094291977123570_7",
                0,
                250,
                4,
                4,
                12884909817,
                "uvm_pkg_m_uvm_resource_default_converter_25863622094079981516_23",
                0,
                248,
                4,
                4,
                12884909817,
                "uvm_pkg_m_uvm_resource_default_converter_14687473452946514378_11",
                0,
                250,
                4,
                4,
                12884909817,
                "uvm_pkg_m_uvm_resource_default_converter_41811330383157291703_12",
                0,
                250,
                4,
                4,
                12884909817,
                "uvm_pkg_m_uvm_resource_default_converter_40194292771222167562_12",
                0,
                249,
                4,
                4,
                12884909817,
                "uvm_pkg_uvm_int_rsrc_11_0",
                0,
                156,
                5,
                5,
                12884910034,
                "uvm_pkg_uvm_string_rsrc_11_0",
                0,
                133,
                5,
                5,
                12884910057,
                "uvm_pkg_uvm_obj_rsrc_11_0",
                0,
                95,
                4,
                4,
                12884910078,
                "uvm_pkg_uvm_resource_db_27000910942830678221_40",
                0,
                1361,
                18,
                18,
                12884910192,
                "uvm_pkg_uvm_resource_db_25863622094079981516_23",
                0,
                594,
                16,
                16,
                12884910192,
                "uvm_pkg_uvm_resource_db_1056094291977123570_7",
                0,
                600,
                16,
                16,
                12884910192,
                "uvm_pkg_uvm_resource_db_17002614941379949671_32",
                0,
                0,
                0,
                0,
                12884910192,
                "uvm_pkg_uvm_resource_db_3733140680830918994_39",
                0,
                0,
                0,
                0,
                12884910192,
                "uvm_pkg_uvm_resource_db_40194292771222167562_12",
                0,
                400,
                16,
                16,
                12884910192,
                "uvm_pkg_uvm_resource_db_11265387052000028149_4",
                0,
                607,
                16,
                16,
                12884910192,
                "uvm_pkg_uvm_resource_db_20178826502325633761_4",
                0,
                594,
                16,
                16,
                12884910192,
                "uvm_pkg_uvm_resource_db_2720976050237557357_47",
                0,
                0,
                0,
                0,
                12884910192,
                "uvm_pkg_uvm_resource_db_40973394903465487470_45",
                0,
                594,
                16,
                16,
                12884910192,
                "uvm_pkg_uvm_resource_db_30894295071101572826_35",
                0,
                0,
                0,
                0,
                12884910192,
                "uvm_pkg_uvm_resource_db_4000484143912248434_16",
                0,
                594,
                16,
                16,
                12884910192,
                "uvm_pkg_uvm_resource_db_29151148522412756050_15",
                0,
                594,
                16,
                16,
                12884910192,
                "uvm_pkg_uvm_config_db_27000910942830678221_40",
                0,
                1094,
                6,
                6,
                12884910607,
                "uvm_pkg_uvm_config_db_25863622094079981516_23",
                0,
                992,
                6,
                6,
                12884910607,
                "uvm_pkg_uvm_config_db_1056094291977123570_7",
                0,
                991,
                6,
                6,
                12884910607,
                "uvm_pkg_uvm_config_db_17002614941379949671_32",
                0,
                773,
                6,
                6,
                12884910607,
                "uvm_pkg_uvm_config_db_3733140680830918994_39",
                0,
                493,
                6,
                6,
                12884910607,
                "uvm_pkg_uvm_config_db_20178826502325633761_4",
                0,
                393,
                6,
                6,
                12884910607,
                "uvm_pkg_uvm_config_db_2720976050237557357_47",
                0,
                773,
                6,
                6,
                12884910607,
                "uvm_pkg_uvm_config_db_40973394903465487470_45",
                0,
                393,
                6,
                6,
                12884910607,
                "uvm_pkg_uvm_config_db_11265387052000028149_4",
                0,
                393,
                6,
                6,
                12884910607,
                "uvm_pkg_uvm_config_db_4000484143912248434_16",
                0,
                995,
                6,
                6,
                12884910607,
                "uvm_pkg_uvm_config_db_29151148522412756050_15",
                0,
                995,
                6,
                6,
                12884910607,
                "uvm_pkg_uvm_typeid_12401831152739582252_34",
                0,
                159,
                3,
                3,
                12884914559,
                "uvm_pkg_uvm_typeid_26457283571261833951_39",
                0,
                0,
                0,
                0,
                12884914559,
                "uvm_pkg_uvm_typeid_3011313423768043667_40",
                0,
                0,
                0,
                0,
                12884914559,
                "uvm_pkg_uvm_typeid_9836671432282947766_35",
                0,
                0,
                0,
                0,
                12884914559,
                "uvm_pkg_uvm_typeid_1084049419402313263_44",
                0,
                0,
                0,
                0,
                12884914559,
                "uvm_pkg_uvm_typeid_31019486001803716048_45",
                0,
                0,
                0,
                0,
                12884914559,
                "uvm_pkg_uvm_typeid_11704699723925447941_44",
                0,
                0,
                0,
                0,
                12884914559,
                "uvm_pkg_uvm_typeid_34134683632350250451_29",
                0,
                0,
                0,
                0,
                12884914559,
                "uvm_pkg_uvm_typeid_3401845221661803279_33",
                0,
                0,
                0,
                0,
                12884914559,
                "uvm_pkg_uvm_typeid_7929638273969762994_38",
                0,
                0,
                0,
                0,
                12884914559,
                "uvm_pkg_uvm_typeid_36840009753431794161_29",
                0,
                0,
                0,
                0,
                12884914559,
                "uvm_pkg_uvm_typeid_3836623090295522255_35",
                0,
                0,
                0,
                0,
                12884914559,
                "uvm_pkg_uvm_typeid_33180307611796608036_36",
                0,
                0,
                0,
                0,
                12884914559,
                "uvm_pkg_uvm_typeid_12470599392681938761_40",
                0,
                0,
                0,
                0,
                12884914559,
                "uvm_pkg_uvm_typeid_28427035364151357801_30",
                0,
                0,
                0,
                0,
                12884914559,
                "uvm_pkg_uvm_typeid_19044983891253896198_34",
                0,
                0,
                0,
                0,
                12884914559,
                "uvm_pkg_uvm_typed_callbacks_26457283571261833951_39",
                0,
                3126,
                10,
                10,
                12884914673,
                "uvm_pkg_uvm_typed_callbacks_9836671432282947766_35",
                0,
                0,
                0,
                0,
                12884914673,
                "uvm_pkg_uvm_typed_callbacks_31019486001803716048_45",
                0,
                0,
                0,
                0,
                12884914673,
                "uvm_pkg_uvm_typed_callbacks_34134683632350250451_29",
                0,
                0,
                0,
                0,
                12884914673,
                "uvm_pkg_uvm_typed_callbacks_7929638273969762994_38",
                0,
                0,
                0,
                0,
                12884914673,
                "uvm_pkg_uvm_typed_callbacks_36840009753431794161_29",
                0,
                0,
                0,
                0,
                12884914673,
                "uvm_pkg_uvm_typed_callbacks_3836623090295522255_35",
                0,
                0,
                0,
                0,
                12884914673,
                "uvm_pkg_uvm_typed_callbacks_33180307611796608036_36",
                0,
                0,
                0,
                0,
                12884914673,
                "uvm_pkg_uvm_typed_callbacks_28427035364151357801_30",
                0,
                0,
                0,
                0,
                12884914673,
                "uvm_pkg_uvm_callbacks_798380094140731869_79",
                0,
                4081,
                17,
                17,
                12884914962,
                "uvm_pkg_uvm_callbacks_3760896427231740967_73",
                0,
                0,
                0,
                0,
                12884914962,
                "uvm_pkg_uvm_callbacks_29816384132329754774_79",
                0,
                0,
                0,
                0,
                12884914962,
                "uvm_pkg_uvm_callbacks_4125919662173130704_69",
                0,
                0,
                0,
                0,
                12884914962,
                "uvm_pkg_uvm_callbacks_4160137027374880434_89",
                0,
                0,
                0,
                0,
                12884914962,
                "uvm_pkg_uvm_callbacks_30559174163891993319_79",
                0,
                0,
                0,
                0,
                12884914962,
                "uvm_pkg_uvm_callbacks_19226769593172006443_62",
                0,
                0,
                0,
                0,
                12884914962,
                "uvm_pkg_uvm_callbacks_2406280077311694533_63",
                0,
                0,
                0,
                0,
                12884914962,
                "uvm_pkg_uvm_callbacks_25874056332755742618_71",
                0,
                0,
                0,
                0,
                12884914962,
                "uvm_pkg_uvm_callbacks_3453533772665706993_72",
                0,
                0,
                0,
                0,
                12884914962,
                "uvm_pkg_uvm_callbacks_16157689474253550089_62",
                0,
                0,
                0,
                0,
                12884914962,
                "uvm_pkg_uvm_callbacks_5019175871376577767_63",
                0,
                0,
                0,
                0,
                12884914962,
                "uvm_pkg_uvm_callbacks_19000355451864305105_68",
                0,
                0,
                0,
                0,
                12884914962,
                "uvm_pkg_uvm_callbacks_1537919828403250345_69",
                0,
                0,
                0,
                0,
                12884914962,
                "uvm_pkg_uvm_callbacks_8485508411680905163_76",
                0,
                0,
                0,
                0,
                12884914962,
                "uvm_pkg_uvm_callbacks_28796025763716974123_70",
                0,
                0,
                0,
                0,
                12884914962,
                "uvm_pkg_uvm_callbacks_5292868251138386083_64",
                0,
                0,
                0,
                0,
                12884914962,
                "uvm_pkg_uvm_callbacks_6692293671863204093_64",
                0,
                0,
                0,
                0,
                12884914962,
                "uvm_pkg_uvm_callbacks_40711032602292020929_89",
                0,
                0,
                0,
                0,
                12884914962,
                "uvm_pkg_uvm_callback_iter_798380094140731869_79",
                0,
                536,
                9,
                9,
                12884915538,
                "uvm_pkg_uvm_callback_iter_19226769593172006443_62",
                0,
                0,
                0,
                0,
                12884915538,
                "uvm_pkg_uvm_callback_iter_25874056332755742618_71",
                0,
                0,
                0,
                0,
                12884915538,
                "uvm_pkg_uvm_callback_iter_16157689474253550089_62",
                0,
                0,
                0,
                0,
                12884915538,
                "uvm_pkg_uvm_callback_iter_19000355451864305105_68",
                0,
                0,
                0,
                0,
                12884915538,
                "uvm_pkg_uvm_callback_iter_8485508411680905163_76",
                0,
                0,
                0,
                0,
                12884915538,
                "uvm_pkg_uvm_callback_iter_5292868251138386083_64",
                0,
                0,
                0,
                0,
                12884915538,
                "uvm_pkg_uvm_callback_iter_40711032602292020929_89",
                0,
                0,
                0,
                0,
                12884915538,
                "uvm_pkg_uvm_tlm_if_base_24844159852957008461_78",
                0,
                300,
                14,
                14,
                12884930106,
                "uvm_pkg_uvm_tlm_if_base_27081641443397297811_68",
                0,
                300,
                14,
                14,
                12884930106,
                "uvm_pkg_uvm_tlm_if_base_34142793231042986_98",
                0,
                312,
                14,
                14,
                12884930106,
                "uvm_pkg_uvm_tlm_if_base_30634138331006208645_96",
                0,
                312,
                14,
                14,
                12884930106,
                "uvm_pkg_uvm_sqr_if_base_24844159852957008461_78",
                0,
                217,
                11,
                11,
                12884930316,
                "uvm_pkg_uvm_sqr_if_base_27081641443397297811_68",
                0,
                217,
                11,
                11,
                12884930316,
                "uvm_pkg_uvm_sqr_if_base_34142793231042986_98",
                0,
                219,
                11,
                11,
                12884930316,
                "uvm_pkg_uvm_sqr_if_base_30634138331006208645_96",
                0,
                219,
                11,
                11,
                12884930316,
                "uvm_pkg_uvm_port_component_34533239451891830907_126",
                0,
                374,
                10,
                10,
                12884930604,
                "uvm_pkg_uvm_port_component_23145110241044876076_126",
                0,
                374,
                10,
                10,
                12884930604,
                "uvm_pkg_uvm_port_component_2311547681826351055_116",
                0,
                374,
                10,
                10,
                12884930604,
                "uvm_pkg_uvm_port_component_234753672576675992_116",
                0,
                374,
                10,
                10,
                12884930604,
                "uvm_pkg_uvm_port_component_8584685183422575275_146",
                0,
                374,
                10,
                10,
                12884930604,
                "uvm_pkg_uvm_port_component_32763430303076413374_144",
                0,
                374,
                10,
                10,
                12884930604,
                "uvm_pkg_uvm_port_component_9320205012189745660_146",
                0,
                374,
                10,
                10,
                12884930604,
                "uvm_pkg_uvm_port_component_31581922724191867113_144",
                0,
                374,
                10,
                10,
                12884930604,
                "uvm_pkg_uvm_port_base_29345012303560527042_103",
                0,
                3098,
                26,
                26,
                12884930691,
                "uvm_pkg_uvm_port_base_39390923434110787983_103",
                0,
                1927,
                26,
                26,
                12884930691,
                "uvm_pkg_uvm_port_base_21996234534275348455_93",
                0,
                3098,
                26,
                26,
                12884930691,
                "uvm_pkg_uvm_port_base_22000921013756544682_93",
                0,
                1927,
                26,
                26,
                12884930691,
                "uvm_pkg_uvm_port_base_9825387292160024484_123",
                0,
                3098,
                26,
                26,
                12884930691,
                "uvm_pkg_uvm_port_base_28695471101676359650_121",
                0,
                3098,
                26,
                26,
                12884930691,
                "uvm_pkg_uvm_port_base_10437858182709760745_123",
                0,
                3098,
                26,
                26,
                12884930691,
                "uvm_pkg_uvm_port_base_35650862081121437359_121",
                0,
                3098,
                26,
                26,
                12884930691,
                "uvm_pkg_uvm_put_imp_3520587431117154525_105",
                0,
                235,
                6,
                6,
                12884931757,
                "uvm_pkg_uvm_put_imp_14494172543974948263_95",
                0,
                235,
                6,
                6,
                12884931757,
                "uvm_pkg_uvm_put_imp_167352797485251366_125",
                0,
                235,
                6,
                6,
                12884931757,
                "uvm_pkg_uvm_put_imp_4073216875758017540_123",
                0,
                235,
                6,
                6,
                12884931757,
                "uvm_pkg_uvm_get_peek_imp_3520587431117154525_105",
                0,
                302,
                9,
                9,
                12884931811,
                "uvm_pkg_uvm_get_peek_imp_14494172543974948263_95",
                0,
                302,
                9,
                9,
                12884931811,
                "uvm_pkg_uvm_get_peek_imp_167352797485251366_125",
                0,
                355,
                10,
                9,
                12884931811,
                "uvm_pkg_uvm_get_peek_imp_4073216875758017540_123",
                0,
                355,
                10,
                9,
                12884931811,
                "uvm_pkg_uvm_blocking_get_port_4717320102222507819_49",
                0,
                193,
                5,
                4,
                12884932080,
                "uvm_pkg_uvm_blocking_get_port_41259355421679512995_48",
                0,
                193,
                5,
                4,
                12884932080,
                "uvm_pkg_uvm_analysis_port_11784808032147832686_39",
                0,
                236,
                4,
                4,
                12884932564,
                "uvm_pkg_uvm_analysis_port_36951920133088784204_34",
                0,
                236,
                4,
                4,
                12884932564,
                "uvm_pkg_uvm_analysis_port_4717320102222507819_49",
                0,
                236,
                4,
                4,
                12884932564,
                "uvm_pkg_uvm_analysis_port_41259355421679512995_48",
                0,
                236,
                4,
                4,
                12884932564,
                "uvm_pkg_uvm_analysis_imp_32194365862697004679_115",
                0,
                210,
                4,
                4,
                12884932627,
                "uvm_pkg_uvm_analysis_imp_12888305263488070193_105",
                0,
                210,
                4,
                4,
                12884932627,
                "uvm_pkg_uvm_analysis_imp_19331063661926947507_135",
                0,
                210,
                4,
                4,
                12884932627,
                "uvm_pkg_uvm_analysis_imp_25353359362775628530_133",
                0,
                210,
                4,
                4,
                12884932627,
                "uvm_pkg_uvm_analysis_imp_733703651239129607_129",
                0,
                210,
                4,
                4,
                12884932627,
                "uvm_pkg_uvm_analysis_imp_5115703901029014500_127",
                0,
                210,
                4,
                4,
                12884932627,
                "uvm_pkg_uvm_analysis_export_11784808032147832686_39",
                0,
                236,
                4,
                4,
                12884932649,
                "uvm_pkg_uvm_analysis_export_36951920133088784204_34",
                0,
                236,
                4,
                4,
                12884932649,
                "uvm_pkg_uvm_analysis_export_4717320102222507819_49",
                0,
                236,
                4,
                4,
                12884932649,
                "uvm_pkg_uvm_analysis_export_41259355421679512995_48",
                0,
                236,
                4,
                4,
                12884932649,
                "uvm_pkg_uvm_tlm_fifo_base_11784808032147832686_39",
                0,
                1262,
                20,
                20,
                12884932737,
                "uvm_pkg_uvm_tlm_fifo_base_36951920133088784204_34",
                0,
                1264,
                20,
                20,
                12884932737,
                "uvm_pkg_uvm_tlm_fifo_base_4717320102222507819_49",
                0,
                1266,
                20,
                20,
                12884932737,
                "uvm_pkg_uvm_tlm_fifo_base_41259355421679512995_48",
                0,
                1266,
                20,
                20,
                12884932737,
                "uvm_pkg_uvm_tlm_fifo_11784808032147832686_39",
                0,
                575,
                18,
                18,
                12884932990,
                "uvm_pkg_uvm_tlm_fifo_36951920133088784204_34",
                0,
                708,
                20,
                18,
                12884932990,
                "uvm_pkg_uvm_tlm_fifo_4717320102222507819_49",
                0,
                898,
                22,
                18,
                12884932990,
                "uvm_pkg_uvm_tlm_fifo_41259355421679512995_48",
                0,
                898,
                22,
                18,
                12884932990,
                "uvm_pkg_uvm_tlm_analysis_fifo_4717320102222507819_49",
                0,
                236,
                5,
                5,
                12884933144,
                "uvm_pkg_uvm_tlm_analysis_fifo_41259355421679512995_48",
                0,
                236,
                5,
                5,
                12884933144,
                "uvm_pkg_uvm_seq_item_pull_port_24844159852957008461_78",
                0,
                246,
                12,
                12,
                12884933580,
                "uvm_pkg_uvm_seq_item_pull_port_34142793231042986_98",
                0,
                365,
                13,
                12,
                12884933580,
                "uvm_pkg_uvm_seq_item_pull_port_30634138331006208645_96",
                0,
                365,
                13,
                12,
                12884933580,
                "uvm_pkg_uvm_seq_item_pull_imp_27764548292519292536_179",
                0,
                353,
                12,
                12,
                12884933615,
                "uvm_pkg_uvm_seq_item_pull_imp_26815678913984971942_159",
                0,
                366,
                12,
                12,
                12884933615,
                "uvm_pkg_uvm_seq_item_pull_imp_4304601133522661522_219",
                0,
                434,
                13,
                12,
                12884933615,
                "uvm_pkg_uvm_seq_item_pull_imp_185851713130713391_215",
                0,
                434,
                13,
                12,
                12884933615,
                "uvm_pkg_uvm_driver_24844159852957008461_78",
                0,
                115,
                4,
                4,
                12884934671,
                "uvm_pkg_uvm_driver_34142793231042986_98",
                0,
                335,
                4,
                4,
                12884934671,
                "uvm_pkg_uvm_driver_30634138331006208645_96",
                0,
                335,
                4,
                4,
                12884934671,
                "uvm_pkg_uvm_sequencer_analysis_fifo_11784808032147832686_39",
                0,
                188,
                3,
                3,
                12884937325,
                "uvm_pkg_uvm_sequencer_analysis_fifo_36951920133088784204_34",
                0,
                188,
                3,
                3,
                12884937325,
                "uvm_pkg_uvm_sequencer_analysis_fifo_4717320102222507819_49",
                0,
                188,
                3,
                3,
                12884937325,
                "uvm_pkg_uvm_sequencer_analysis_fifo_41259355421679512995_48",
                0,
                188,
                3,
                3,
                12884937325,
                "uvm_pkg_uvm_sequencer_param_base_24844159852957008461_78",
                0,
                2029,
                19,
                19,
                12884937374,
                "uvm_pkg_uvm_sequencer_param_base_27081641443397297811_68",
                0,
                2168,
                19,
                19,
                12884937374,
                "uvm_pkg_uvm_sequencer_param_base_34142793231042986_98",
                0,
                2168,
                19,
                19,
                12884937374,
                "uvm_pkg_uvm_sequencer_param_base_30634138331006208645_96",
                0,
                2168,
                19,
                19,
                12884937374,
                "uvm_pkg_uvm_sequencer_24844159852957008461_78",
                0,
                420,
                15,
                15,
                12884937838,
                "uvm_pkg_uvm_sequencer_27081641443397297811_68",
                0,
                883,
                21,
                15,
                12884937838,
                "uvm_pkg_uvm_sequencer_34142793231042986_98",
                0,
                824,
                18,
                15,
                12884937838,
                "uvm_pkg_uvm_sequencer_30634138331006208645_96",
                0,
                824,
                18,
                15,
                12884937838,
                "uvm_pkg_uvm_sequence_24844159852957008461_78",
                0,
                217,
                7,
                7,
                12884939419,
                "uvm_pkg_uvm_sequence_27081641443397297811_68",
                0,
                201,
                7,
                7,
                12884939419,
                "uvm_pkg_uvm_sequence_34142793231042986_98",
                0,
                322,
                8,
                7,
                12884939419,
                "uvm_pkg_uvm_sequence_30634138331006208645_96",
                0,
                322,
                8,
                7,
                12884939419,
                "uvm_pkg_uvm_random_sequence_11_0",
                0,
                931,
                16,
                13,
                12884940404,
                "uvm_pkg_uvm_exhaustive_sequence_11_0",
                0,
                780,
                15,
                12,
                12884940517,
                "uvm_pkg_uvm_simple_sequence_11_0",
                0,
                755,
                15,
                8,
                12884940623,
                "uvm_pkg_uvm_reg_sequence_30395111473839290680_100",
                0,
                1427,
                34,
                20,
                12884944739,
                "uvm_pkg_uvm_reg_sequence_15155903533960952999_90",
                0,
                1427,
                34,
                20,
                12884944739,
                "uvm_pkg_uvm_reg_frontdoor_11_0",
                0,
                41,
                2,
                2,
                12884945198,
                "uvm_pkg_uvm_reg_indirect_ftdr_seq_11_0",
                0,
                64,
                3,
                3,
                12884952608,
                "uvm_pkg_uvm_reg_hw_reset_seq_11_0",
                0,
                1719,
                12,
                12,
                12884963306,
                "uvm_pkg_uvm_reg_single_bit_bash_seq_11_0",
                0,
                2066,
                11,
                11,
                12884963516,
                "uvm_pkg_uvm_reg_bit_bash_seq_11_0",
                0,
                1356,
                23,
                12,
                12884963671,
                "uvm_pkg_uvm_mem_single_walk_seq_11_0",
                0,
                2508,
                10,
                10,
                12884963833,
                "uvm_pkg_uvm_mem_walk_seq_11_0",
                0,
                1513,
                23,
                12,
                12884963970,
                "uvm_pkg_uvm_mem_single_access_seq_11_0",
                0,
                2626,
                20,
                10,
                12884964125,
                "uvm_pkg_uvm_mem_access_seq_11_0",
                0,
                1800,
                23,
                12,
                12884964270,
                "uvm_pkg_uvm_reg_single_access_seq_11_0",
                0,
                2216,
                17,
                10,
                12884964447,
                "uvm_pkg_uvm_reg_access_seq_11_0",
                0,
                1645,
                23,
                12,
                12884964599,
                "uvm_pkg_uvm_reg_mem_access_seq_11_0",
                0,
                1019,
                18,
                11,
                12884964722,
                "uvm_pkg_uvm_reg_shared_access_seq_11_0",
                0,
                2561,
                10,
                10,
                12884964829,
                "uvm_pkg_uvm_mem_shared_access_seq_11_0",
                0,
                2476,
                10,
                10,
                12884964978,
                "uvm_pkg_uvm_reg_mem_shared_access_seq_11_0",
                0,
                2227,
                27,
                12,
                12884965126,
                "uvm_pkg_uvm_reg_mem_built_in_seq_11_0",
                0,
                2745,
                33,
                10,
                12884965291,
                "uvm_pkg_uvm_reg_mem_hdl_paths_seq_11_0",
                0,
                4954,
                14,
                14,
                12884965449,
                "ahbl_apb_package_ahbl_sequence_11_0",
                0,
                7626,
                113,
                10,
                42949673097,
                "ahbl_apb_package_apb_sequence_11_0",
                0,
                956,
                18,
                10,
                42949673206,
                "ahbl_apb_package_ahbl_sequencer_11_0",
                0,
                196,
                7,
                7,
                42949673234,
                "ahbl_apb_package_ahbl_driver_11_0",
                0,
                2252,
                55,
                15,
                42949673244,
                "ahbl_apb_package_apb_sequencer_11_0",
                0,
                196,
                7,
                7,
                42949673407,
                "ahbl_apb_package_apb_driver_11_0",
                0,
                1980,
                37,
                9,
                42949673416,
                "ahbl_apb_package_ahbl_apb_vsqr_11_0",
                0,
                196,
                7,
                7,
                42949673769,
                "ahbl_apb_package_case1_vseq_11_0",
                0,
                983,
                22,
                11,
                42949673780
            ]
        },
        "_vcs_DPI_package": {
            "nQuads": 129,
            "end_perf": [
                11.361646175384521,
                8.3075469999999996,
                1.941065,
                280064,
                287724,
                11463626288350,
                0,
                0
            ],
            "Compiled": "Yes",
            "start_perf": [
                11.359089136123657,
                8.3049890000000008,
                1.941065,
                280064,
                287724,
                1692850809.341953,
                11463620342852
            ],
            "nRouts": 15,
            "nMops": 259,
            "child_modules": {},
            "Compiled Times": 50
        },
        "cmsdk_ahb_to_apb": {
            "nQuads": 2698,
            "end_perf": [
                12.8645920753479,
                9.6826570000000007,
                2.0341330000000002,
                284760,
                287724,
                11467089200576,
                30064771073,
                0
            ],
            "Compiled": "Yes",
            "start_perf": [
                12.799719095230103,
                9.6337290000000007,
                2.0271919999999999,
                284760,
                287724,
                1692850810.782583,
                11466939610924
            ],
            "nRouts": 133,
            "nMops": 8102,
            "child_modules": {},
            "Compiled Times": 206
        },
        "std": {
            "Compiled": "Yes",
            "nQuads": 227,
            "start_perf": [
                11.363547086715698,
                8.3094490000000008,
                1.941065,
                280064,
                287724,
                1692850809.346411,
                11463630576860
            ],
            "end_perf": [
                11.368456125259399,
                8.3095459999999992,
                1.94459,
                280064,
                287724,
                11463641971798,
                8589934594,
                0
            ],
            "nRouts": 37,
            "child_modules": {},
            "nMops": 544,
            "Compiled Times": 206,
            "svclass": [
                "$vcs_nba_dyn_obj",
                0,
                35,
                2,
                2,
                0,
                "sigprop$$",
                0,
                35,
                2,
                2,
                0,
                "process",
                0,
                200,
                8,
                8,
                0,
                "event",
                0,
                34,
                2,
                2,
                0,
                "mailbox",
                0,
                140,
                9,
                9,
                0,
                "semaphore",
                0,
                84,
                5,
                5,
                0
            ]
        },
        "_vcs_unit__1607640006": {
            "Compiled": "Yes",
            "nQuads": 51,
            "start_perf": [
                11.361739158630371,
                8.3076419999999995,
                1.941065,
                280064,
                287724,
                1692850809.3446031,
                11463626415494
            ],
            "end_perf": [
                11.36345911026001,
                8.3093599999999999,
                1.941065,
                280064,
                287724,
                11463630482212,
                4294967297,
                0
            ],
            "nRouts": 16,
            "child_modules": {},
            "nMops": 109,
            "Compiled Times": 50,
            "svclass": [
                "ahb_item",
                0,
                36,
                3,
                2,
                4294974502
            ]
        },
        "uvm_custom_install_verdi_recording": {
            "Compiled": "Yes",
            "nQuads": 34614,
            "start_perf": [
                12.030569076538086,
                8.9541140000000006,
                1.9446059999999998,
                282816,
                287724,
                1692850810.013433,
                11465167430866
            ],
            "end_perf": [
                12.799592018127441,
                9.6336239999999993,
                2.0271699999999999,
                284760,
                287724,
                11466939413890,
                25769803777,
                0
            ],
            "nRouts": 517,
            "nMops": 97114,
            "child_modules": {},
            "Compiled Times": 50,
            "significant_routs": [
                [
                    292,
                    "F_VCSgd_EbjT3_128_0",
                    283571856,
                    116488,
                    11605
                ]
            ],
            "svclass": [
                "uvm_custom_install_verdi_recording__vcs_type_T_17516288123831238565_54_42098745823728729451_7",
                0,
                0,
                0,
                0,
                0,
                "uvm_custom_install_verdi_recording__vcs_type_T_17516288123831238565_54_17604091792765680068_12",
                0,
                0,
                0,
                0,
                0,
                "uvm_custom_install_verdi_recording__vcs_type_T_33888099752757866797_48_29057405201454559803_10",
                0,
                0,
                0,
                0,
                0,
                "uvm_custom_install_verdi_recording__vcs_type_T_33000166982961514326_48_29057405201454559803_10",
                0,
                0,
                0,
                0,
                0,
                "uvm_custom_install_verdi_recording__vcs_type_T_17516288123831238565_54_29057405201454559803_10",
                0,
                0,
                0,
                0,
                0,
                "_vcs_struct_rsrc_msg_struct",
                0,
                0,
                0,
                0,
                0,
                "uvm_verdi_pli_base",
                13722,
                882,
                28,
                28,
                25769803904,
                "verdi_cmdline_processor",
                28182,
                2781,
                26,
                26,
                25769804133,
                "uvm_verdi_recorder",
                54092,
                5215,
                23,
                23,
                25769804460,
                "uvm_map_access_recorder",
                26957,
                2644,
                11,
                11,
                25769805285,
                "verdi_report_catcher",
                139921,
                13975,
                19,
                19,
                25769806076,
                "uvm_dhier_component",
                6148,
                450,
                7,
                7,
                25769808695,
                "uvm_verdi_pli",
                22420,
                1453,
                27,
                27,
                25769808828,
                "uvm_pkg_uvm_component_registry_234631716908298885_119",
                7045,
                501,
                11,
                11,
                12884907517
            ]
        },
        "ahbl_apb_package": {
            "Compiled": "Yes",
            "nQuads": 2864,
            "start_perf": [
                12.867883205413818,
                9.685378,
                2.0347050000000002,
                284760,
                287724,
                1692850810.8507471,
                11467096660884
            ],
            "end_perf": [
                12.913089036941528,
                9.7184969999999993,
                2.0376020000000001,
                284760,
                287724,
                11467200880356,
                42949672961,
                0
            ],
            "nRouts": 168,
            "child_modules": {},
            "nMops": 9058,
            "Compiled Times": 50,
            "svclass": [
                "ahbl_item",
                0,
                497,
                10,
                9,
                42949673059,
                "apb_item",
                0,
                451,
                10,
                9,
                42949673083,
                "ahbl_monitor",
                0,
                1285,
                25,
                11,
                42949673348,
                "apb_monitor",
                0,
                1107,
                21,
                11,
                42949673486,
                "ahbl_agent",
                0,
                775,
                9,
                9,
                42949673542,
                "apb_agent",
                0,
                775,
                9,
                9,
                42949673581,
                "scoreboard",
                0,
                2129,
                26,
                10,
                42949673619,
                "environment",
                0,
                1016,
                10,
                10,
                42949673711,
                "ahbl_apb_base_test",
                0,
                642,
                9,
                9,
                42949673814,
                "testcase_1",
                0,
                303,
                8,
                8,
                42949673849
            ]
        },
        "apb_interface": {
            "Compiled": "Yes",
            "nQuads": 36,
            "start_perf": [
                12.866764068603516,
                9.6844529999999995,
                2.03451,
                284760,
                287724,
                1692850810.849628,
                11467094079182
            ],
            "end_perf": [
                12.867839097976685,
                9.6853420000000003,
                2.034697,
                284760,
                287724,
                11467096582540,
                38654705665,
                0
            ],
            "nRouts": 14,
            "child_modules": {},
            "nMops": 92,
            "Compiled Times": 206,
            "svclass": [
                "apb_interface_vcs_virt_intf_C",
                0,
                0,
                0,
                0,
                0
            ]
        },
        "uvm_pkg": {
            "Compiled": "Yes",
            "nQuads": 62162,
            "start_perf": [
                11.36853814125061,
                8.3096130000000006,
                1.9446059999999998,
                280064,
                287724,
                1692850809.351402,
                11463642079260
            ],
            "end_perf": [
                12.028329133987427,
                8.9518719999999998,
                1.9446059999999998,
                282816,
                287724,
                11465162362656,
                12884901889,
                0
            ],
            "nRouts": 2753,
            "child_modules": {},
            "nMops": 200125,
            "Compiled Times": 50,
            "svclass": [
                "_vcs_struct_uvm_hdl_path_slice",
                0,
                0,
                0,
                0,
                0,
                "_vcs_struct_m_verbosity_setting",
                0,
                0,
                0,
                0,
                0,
                "_vcs_struct_uvm_printer_row_info",
                0,
                0,
                0,
                0,
                0,
                "_vcs_struct_Blasted_access_t",
                0,
                0,
                0,
                0,
                0,
                "_vcs_struct_access_t",
                0,
                0,
                0,
                0,
                0,
                "uvm_cmdline_processor",
                0,
                2222,
                12,
                12,
                12884929644,
                "uvm_printer",
                0,
                2856,
                20,
                20,
                12884910996,
                "uvm_table_printer",
                0,
                1453,
                4,
                4,
                12884911213,
                "uvm_tree_printer",
                0,
                1103,
                3,
                3,
                12884911262,
                "uvm_line_printer",
                0,
                116,
                2,
                2,
                12884911294,
                "uvm_comparer",
                0,
                1890,
                11,
                11,
                12884912126,
                "uvm_packer",
                0,
                2793,
                31,
                31,
                12884912551,
                "uvm_recorder",
                0,
                2224,
                24,
                24,
                12884913339,
                "uvm_void",
                0,
                41,
                2,
                2,
                12884903054,
                "uvm_object",
                0,
                3589,
                41,
                41,
                12884903850,
                "uvm_scope_stack",
                0,
                1036,
                13,
                13,
                12884903069,
                "uvm_status_container",
                0,
                707,
                6,
                6,
                12884903212,
                "uvm_copy_map",
                0,
                201,
                6,
                6,
                12884903327,
                "uvm_component",
                0,
                14858,
                149,
                122,
                12884922532,
                "uvm_root",
                0,
                6932,
                41,
                26,
                12884924228,
                "uvm_report_object",
                0,
                1524,
                39,
                39,
                12884917751,
                "uvm_object_wrapper",
                0,
                146,
                6,
                6,
                12884906394,
                "uvm_objection",
                0,
                7860,
                68,
                35,
                12884927359,
                "uvm_barrier",
                0,
                1073,
                15,
                15,
                12884914219,
                "uvm_event",
                0,
                1900,
                30,
                24,
                12884913854,
                "uvm_factory_override",
                0,
                306,
                2,
                2,
                12884906437,
                "uvm_factory_queue_class",
                0,
                41,
                2,
                2,
                12884905736,
                "uvm_factory",
                0,
                13034,
                23,
                23,
                12884905808,
                "uvm_resource_base",
                0,
                1218,
                19,
                19,
                12884908233,
                "uvm_resource_types",
                0,
                36,
                2,
                2,
                12884908145,
                "uvm_resource_options",
                0,
                160,
                6,
                6,
                12884908192,
                "get_t",
                0,
                41,
                2,
                2,
                12884908634,
                "uvm_resource_pool",
                0,
                4026,
                27,
                27,
                12884908702,
                "m_uvm_resource_default_converters",
                0,
                295,
                4,
                4,
                12884909923,
                "uvm_resource_db_options",
                0,
                278,
                6,
                6,
                12884910487,
                "uvm_phase",
                0,
                14327,
                204,
                57,
                12884919149,
                "m_uvm_waiter",
                0,
                91,
                2,
                2,
                12884910581,
                "uvm_config_db_options",
                0,
                278,
                6,
                6,
                12884910861,
                "uvm_printer_knobs",
                0,
                1010,
                3,
                3,
                12884911320,
                "uvm_event_callback",
                0,
                111,
                5,
                5,
                12884913767,
                "uvm_callback",
                0,
                436,
                7,
                7,
                12884915641,
                "uvm_callbacks_base",
                0,
                844,
                11,
                11,
                12884914585,
                "uvm_typeid_base",
                0,
                41,
                2,
                2,
                12884914545,
                "uvm_report_handler",
                0,
                2491,
                29,
                29,
                12884917048,
                "uvm_report_server",
                0,
                2877,
                29,
                29,
                12884916429,
                "uvm_report_catcher",
                0,
                3178,
                32,
                32,
                12884915812,
                "sev_id_struct",
                0,
                36,
                2,
                2,
                12884915738,
                "uvm_report_global_server",
                0,
                85,
                4,
                4,
                12884916963,
                "uvm_env",
                0,
                135,
                4,
                4,
                12884935006,
                "uvm_transaction",
                0,
                3153,
                26,
                26,
                12884918353,
                "uvm_test_done_objection",
                0,
                2113,
                57,
                15,
                12884928418,
                "uvm_sequencer_base",
                0,
                12995,
                123,
                55,
                12884935682,
                "uvm_domain",
                0,
                2008,
                9,
                9,
                12884920991,
                "uvm_task_phase",
                0,
                971,
                11,
                5,
                12884921436,
                "uvm_build_phase",
                0,
                279,
                6,
                6,
                12884921593,
                "uvm_connect_phase",
                0,
                279,
                6,
                6,
                12884921635,
                "uvm_end_of_elaboration_phase",
                0,
                279,
                6,
                6,
                12884921674,
                "uvm_start_of_simulation_phase",
                0,
                279,
                6,
                6,
                12884921718,
                "uvm_run_phase",
                0,
                276,
                7,
                6,
                12884921784,
                "uvm_extract_phase",
                0,
                277,
                6,
                6,
                12884921827,
                "uvm_check_phase",
                0,
                277,
                6,
                6,
                12884921862,
                "uvm_report_phase",
                0,
                279,
                6,
                6,
                12884921898,
                "uvm_final_phase",
                0,
                277,
                6,
                6,
                12884921936,
                "uvm_pre_reset_phase",
                0,
                276,
                6,
                6,
                12884922020,
                "uvm_reset_phase",
                0,
                276,
                6,
                6,
                12884922065,
                "uvm_post_reset_phase",
                0,
                276,
                6,
                6,
                12884922103,
                "uvm_pre_configure_phase",
                0,
                276,
                6,
                6,
                12884922143,
                "uvm_configure_phase",
                0,
                276,
                6,
                6,
                12884922182,
                "uvm_post_configure_phase",
                0,
                276,
                6,
                6,
                12884922221,
                "uvm_pre_main_phase",
                0,
                276,
                6,
                6,
                12884922257,
                "uvm_main_phase",
                0,
                276,
                7,
                6,
                12884922297,
                "uvm_post_main_phase",
                0,
                276,
                6,
                6,
                12884922333,
                "uvm_pre_shutdown_phase",
                0,
                276,
                6,
                6,
                12884922369,
                "uvm_shutdown_phase",
                0,
                276,
                6,
                6,
                12884922408,
                "uvm_post_shutdown_phase",
                0,
                276,
                6,
                6,
                12884922448,
                "uvm_bottomup_phase",
                0,
                672,
                4,
                4,
                12884921183,
                "uvm_topdown_phase",
                0,
                801,
                4,
                4,
                12884921297,
                "uvm_sequence_base",
                0,
                4671,
                86,
                53,
                12884938343,
                "uvm_sequence_item",
                0,
                2437,
                32,
                32,
                12884935175,
                "uvm_port_component_base",
                0,
                240,
                9,
                9,
                12884930546,
                "uvm_root_report_handler",
                0,
                97,
                3,
                3,
                12884924429,
                "uvm_config_object_wrapper",
                0,
                41,
                2,
                2,
                12884926645,
                "uvm_objection_context_object",
                0,
                281,
                3,
                3,
                12884928671,
                "uvm_objection_callback",
                0,
                131,
                5,
                5,
                12884928773,
                "uvm_callbacks_objection",
                0,
                192,
                6,
                6,
                12884928705,
                "uvm_objection_events",
                0,
                41,
                2,
                2,
                12884927331,
                "uvm_heartbeat_callback",
                0,
                265,
                6,
                6,
                12884929099,
                "uvm_heartbeat",
                0,
                286,
                12,
                12,
                12884928864,
                "uvm_cmd_line_verb",
                0,
                36,
                2,
                2,
                12884929621,
                "uvm_tlm_event",
                0,
                36,
                2,
                2,
                12884932715,
                "uvm_monitor",
                0,
                135,
                4,
                4,
                12884934605,
                "uvm_scoreboard",
                0,
                135,
                4,
                4,
                12884934853,
                "uvm_agent",
                0,
                420,
                6,
                6,
                12884934914,
                "uvm_test",
                0,
                135,
                4,
                4,
                12884935091,
                "uvm_sequence_request",
                0,
                41,
                2,
                2,
                12884937290,
                "uvm_sequence_library_cfg",
                0,
                550,
                9,
                9,
                12884939896,
                "uvm_tlm_time",
                0,
                343,
                12,
                12,
                12884940769,
                "uvm_tlm_extension_base",
                0,
                134,
                6,
                6,
                12884942064,
                "uvm_tlm_generic_payload",
                0,
                8019,
                49,
                48,
                12884941176,
                "uvm_reg_field",
                0,
                3262,
                62,
                61,
                12884946189,
                "uvm_vreg_field",
                0,
                1508,
                32,
                32,
                12884948221,
                "uvm_reg",
                0,
                4321,
                89,
                89,
                12884949216,
                "uvm_reg_file",
                0,
                1443,
                21,
                21,
                12884953005,
                "uvm_vreg",
                0,
                2033,
                45,
                45,
                12884954596,
                "uvm_reg_block",
                0,
                2954,
                72,
                72,
                12884960971,
                "uvm_mem",
                0,
                4117,
                73,
                73,
                12884956131,
                "uvm_reg_item",
                0,
                1632,
                12,
                11,
                12884943881,
                "uvm_reg_map",
                0,
                11696,
                99,
                62,
                12884958557,
                "uvm_reg_map_info",
                0,
                36,
                2,
                2,
                12884958528,
                "uvm_reg_adapter",
                0,
                338,
                6,
                6,
                12884944197,
                "uvm_reg_indirect_data",
                0,
                473,
                19,
                19,
                12884952365,
                "uvm_hdl_path_concat",
                0,
                305,
                5,
                5,
                12884943770,
                "uvm_reg_tlm_adapter",
                0,
                1842,
                11,
                11,
                12884944328,
                "uvm_predict_s",
                0,
                36,
                2,
                2,
                12884944453,
                "uvm_reg_backdoor",
                0,
                821,
                26,
                26,
                12884945800,
                "uvm_reg_cbs",
                0,
                226,
                9,
                9,
                12884945275,
                "uvm_reg_read_only_cbs",
                0,
                533,
                13,
                13,
                12884945600,
                "uvm_reg_write_only_cbs",
                0,
                533,
                13,
                13,
                12884945686,
                "uvm_vreg_field_cbs",
                0,
                268,
                6,
                6,
                12884948550,
                "uvm_reg_fifo",
                0,
                326,
                14,
                13,
                12884952693,
                "uvm_mem_mam_cfg",
                0,
                36,
                3,
                2,
                12884954084,
                "uvm_mem_region",
                0,
                424,
                16,
                16,
                12884953798,
                "uvm_mem_mam_policy",
                0,
                36,
                3,
                2,
                12884954042,
                "uvm_mem_mam",
                0,
                234,
                10,
                10,
                12884953586,
                "uvm_vreg_cbs",
                0,
                246,
                6,
                6,
                12884955153,
                "snps_uvm_reg_bank_group",
                0,
                663,
                17,
                17,
                12884965629,
                "snps_uvm_reg_banked",
                0,
                257,
                10,
                10,
                12884965767,
                "snps_uvm_reg_bank_set",
                0,
                66,
                3,
                3,
                12884965736,
                "snps_uvm_reg_map",
                0,
                489,
                11,
                11,
                12884966017
            ]
        },
        "_vcs_msglog": {
            "nQuads": 29,
            "end_perf": [
                12.030524015426636,
                8.9540679999999995,
                1.9446059999999998,
                282816,
                287724,
                11465167362102,
                17179869185,
                0
            ],
            "Compiled": "Yes",
            "start_perf": [
                12.028698205947876,
                8.952242,
                1.9446059999999998,
                282816,
                287724,
                1692850810.0115621,
                11465163133232
            ],
            "nRouts": 12,
            "nMops": 38,
            "child_modules": {},
            "Compiled Times": 50
        },
        "ahbl_interface": {
            "Compiled": "Yes",
            "nQuads": 94,
            "start_perf": [
                12.864690065383911,
                9.6827389999999998,
                2.0341499999999999,
                284760,
                287724,
                1692850810.847554,
                11467089300188
            ],
            "end_perf": [
                12.866700172424316,
                9.6844000000000001,
                2.0344989999999998,
                284760,
                287724,
                11467093992262,
                34359738369,
                0
            ],
            "nRouts": 24,
            "child_modules": {},
            "nMops": 202,
            "Compiled Times": 206,
            "svclass": [
                "ahbl_interface_vcs_virt_intf_C",
                0,
                0,
                0,
                0,
                0
            ]
        },
        "top_tb": {
            "nQuads": 518,
            "end_perf": [
                12.918478012084961,
                9.7237430000000007,
                2.0377459999999998,
                284760,
                287724,
                11467213278934,
                47244640257,
                0
            ],
            "Compiled": "Yes",
            "start_perf": [
                12.913181066513062,
                9.7185749999999995,
                2.0376180000000002,
                284760,
                287724,
                1692850810.896045,
                11467201030896
            ],
            "nRouts": 75,
            "nMops": 1613,
            "child_modules": {
                "apb_interface": 1,
                "cmsdk_ahb_to_apb": 1,
                "ahbl_interface": 1
            },
            "Compiled Times": 206
        }
    },
    "ObjArchives": [
        {
            "archive": "archive.205/_6019_archive_1.a",
            "objects": [
                [
                    "EbjT3_d.o",
                    1254476
                ],
                [
                    "jt5yu_d.o",
                    53232
                ],
                [
                    "amcQwB.o",
                    397100
                ]
            ],
            "size": 1704808
        }
    ],
    "reusePaths": {
        "amcQw_d": {
            "icPath": "csrc"
        },
        "zr7M1_d": {
            "icPath": "csrc"
        },
        "W0eJz_d": {
            "icPath": "csrc"
        },
        "hEeZs_d": {
            "icPath": "csrc"
        },
        "FgaA8_d": {
            "icPath": "csrc"
        },
        "uM9F1_d": {
            "icPath": "csrc"
        },
        "reYIK_d": {
            "icPath": "csrc"
        },
        "zQBzV_d": {
            "icPath": "csrc"
        },
        "ybpDS_d": {
            "icPath": "csrc"
        },
        "qu7u3_d": {
            "icPath": "csrc"
        },
        "v2NcZ_d": {
            "icPath": "csrc"
        }
    },
    "stat": {
        "ru_self_end": {
            "ru_nivcsw": 1966,
            "ru_minflt": 29425,
            "ru_utime_sec": 9.7237430000000007,
            "ru_stime_sec": 2.0547520000000001,
            "ru_maxrss_kb": 189236,
            "ru_majflt": 1,
            "ru_nvcsw": 48
        },
        "ru_childs_end": {
            "ru_nivcsw": 66,
            "ru_minflt": 5351,
            "ru_utime_sec": 0.039061999999999999,
            "ru_stime_sec": 0.51473100000000005,
            "ru_maxrss_kb": 185884,
            "ru_majflt": 0,
            "ru_nvcsw": 29
        },
        "peak_mem_kb": 287724,
        "cpu_cycles_end": 11467252553256
    }
}