{
    "MlibObjs": {},
    "LVLData": [
        "SIM"
    ],
    "cycles_program_begin": 110209344555025,
    "cpu_cycles_pass2_start": 110238863416396,
    "perf": [
        {
            "stat": [
                "main",
                "entry",
                0.092021942138671875,
                0.064690999999999999,
                0.047440000000000003,
                203576,
                203576,
                0.0,
                0.0,
                1690272471.748708,
                110209344822763
            ],
            "sub": [
                {
                    "stat": [
                        "doParsingAndDesignResolution",
                        "entry",
                        0.25808501243591309,
                        0.077002000000000001,
                        0.072472999999999996,
                        212572,
                        213372,
                        0.0,
                        0.0,
                        1690272471.9147711,
                        110209727454006
                    ],
                    "sub": []
                },
                {
                    "stat": [
                        "doParsingAndDesignResolution",
                        "exit",
                        5.2740700244903564,
                        3.1354280000000001,
                        0.86578900000000003,
                        261612,
                        262260,
                        0.0,
                        0.0,
                        1690272476.9307561,
                        110221284113644
                    ],
                    "sub": []
                },
                {
                    "stat": [
                        "doPostDesignResolutionToVir2Vcs",
                        "entry",
                        5.3365478515625,
                        3.1931769999999999,
                        0.87042200000000003,
                        261612,
                        262260,
                        0.0,
                        0.0,
                        1690272476.9932339,
                        110221428052002
                    ],
                    "sub": [
                        {
                            "stat": [
                                "doUptoVir2VcsNoSepCleanup",
                                "entry",
                                6.9218838214874268,
                                4.7081790000000003,
                                0.88521499999999997,
                                263632,
                                263632,
                                0.0,
                                0.0,
                                1690272478.5785699,
                                110225080636924
                            ],
                            "sub": []
                        },
                        {
                            "stat": [
                                "doUptoVir2VcsNoSepCleanup",
                                "exit",
                                12.241194009780884,
                                9.131335,
                                1.264265,
                                273144,
                                289444,
                                0.022009999999999998,
                                0.0092569999999999996,
                                1690272483.8978801,
                                110237336468844
                            ],
                            "sub": []
                        },
                        {
                            "stat": [
                                "doRadify_vir2vcsAll",
                                "entry",
                                12.241456985473633,
                                9.1315720000000002,
                                1.2642979999999999,
                                273144,
                                289444,
                                0.022009999999999998,
                                0.0092569999999999996,
                                1690272483.8981431,
                                110237336909630
                            ],
                            "sub": []
                        },
                        {
                            "stat": [
                                "doRadify_vir2vcsAll",
                                "exit",
                                12.810667991638184,
                                9.3750169999999997,
                                1.588584,
                                300796,
                                300796,
                                0.022009999999999998,
                                0.0092569999999999996,
                                1690272484.4673541,
                                110238648269546
                            ],
                            "sub": []
                        }
                    ]
                },
                {
                    "stat": [
                        "doPostDesignResolutionToVir2Vcs",
                        "exit",
                        12.810807943344116,
                        9.3751379999999997,
                        1.5886040000000001,
                        300796,
                        300796,
                        0.022009999999999998,
                        0.0092569999999999996,
                        1690272484.467494,
                        110238648462664
                    ],
                    "sub": []
                },
                {
                    "stat": [
                        "doGAToPass2",
                        "entry",
                        12.810833930969238,
                        9.3751610000000003,
                        1.588608,
                        300796,
                        300796,
                        0.022009999999999998,
                        0.0092569999999999996,
                        1690272484.46752,
                        110238648510284
                    ],
                    "sub": [
                        {
                            "stat": [
                                "DoPass2",
                                "entry",
                                12.904062032699585,
                                9.4006179999999997,
                                1.5983890000000001,
                                291708,
                                300796,
                                0.033446999999999998,
                                0.052549999999999999,
                                1690272484.5607481,
                                110238863405396
                            ],
                            "sub": []
                        },
                        {
                            "stat": [
                                "DoPass2",
                                "exit",
                                20.766785860061646,
                                16.611376,
                                2.0485600000000002,
                                299244,
                                302716,
                                0.033446999999999998,
                                0.052549999999999999,
                                1690272492.4234719,
                                110256978861334
                            ],
                            "sub": []
                        }
                    ]
                },
                {
                    "stat": [
                        "doGAToPass2",
                        "exit",
                        20.782233953475952,
                        16.621925000000001,
                        2.0532159999999999,
                        299128,
                        302716,
                        0.033446999999999998,
                        0.052549999999999999,
                        1690272492.43892,
                        110257014461440
                    ],
                    "sub": []
                }
            ]
        },
        {
            "stat": [
                "main",
                "exit",
                20.784472942352295,
                16.623918,
                2.0534620000000001,
                299128,
                302716,
                0.033446999999999998,
                0.052549999999999999,
                1690272492.441159,
                110257019581460
            ],
            "sub": []
        }
    ],
    "PrevCompiledModules": {},
    "CurCompileModules": [
        "...MASTER...",
        "...MASTER...",
        "vcs_paramclassrepository",
        "vcs_paramclassrepository",
        "_vcs_DPI_package",
        "_vcs_DPI_package",
        "_vcs_unit__3993650595",
        "_vcs_unit__3993650595",
        "std",
        "std",
        "uvm_pkg",
        "uvm_pkg",
        "_vcs_msglog",
        "_vcs_msglog",
        "uvm_custom_install_verdi_recording",
        "uvm_custom_install_verdi_recording",
        "cmsdk_ahb_to_apb",
        "cmsdk_ahb_to_apb",
        "apb_interface",
        "apb_interface",
        "apb_pkg",
        "apb_pkg",
        "ahbl_interface",
        "ahbl_interface",
        "ahbl_pkg",
        "ahbl_pkg",
        "ahbl2apb_pkg",
        "ahbl2apb_pkg",
        "ahbl2apb_interface",
        "ahbl2apb_interface",
        "ahbl2apb_regRW11_tb",
        "ahbl2apb_regRW11_tb"
    ],
    "stat": {
        "ru_self_cgstart": {
            "ru_majflt": 87,
            "ru_stime_sec": 1.598403,
            "ru_utime_sec": 9.4006959999999999,
            "ru_maxrss_kb": 196692,
            "ru_nivcsw": 1263,
            "ru_minflt": 30205,
            "ru_nvcsw": 330
        },
        "outputSizePerQuad": 111.97532310106753,
        "nMops": 528957,
        "ru_childs_cgstart": {
            "ru_majflt": 0,
            "ru_stime_sec": 0.052549999999999999,
            "ru_utime_sec": 0.033446999999999998,
            "ru_maxrss_kb": 196692,
            "ru_nivcsw": 33,
            "ru_minflt": 5083,
            "ru_nvcsw": 25
        },
        "cpu_cycles_cgstart": 110238863496352,
        "nQuads": 170767,
        "Frontend(%)": 56.636222007023058,
        "totalObjSize": 19121690,
        "ru_self_end": {
            "ru_majflt": 108,
            "ru_stime_sec": 2.053471,
            "ru_utime_sec": 16.623989999999999,
            "ru_maxrss_kb": 203128,
            "ru_nivcsw": 1558,
            "ru_minflt": 33495,
            "ru_nvcsw": 344
        },
        "CodeGen(%)": 43.363777992976942,
        "peak_mem_kb": 302716,
        "quadSpeed": 23641.153191327954,
        "mop/quad": 3.0975364092594004,
        "mopSpeed": 73229.332767017404,
        "ru_childs_end": {
            "ru_majflt": 0,
            "ru_stime_sec": 0.052549999999999999,
            "ru_utime_sec": 0.033446999999999998,
            "ru_maxrss_kb": 196692,
            "ru_nivcsw": 33,
            "ru_minflt": 5083,
            "ru_nvcsw": 25
        },
        "cpu_cycles_end": 110257019713594,
        "cpu_cycles_total": 47675158569,
        "realTime": 20.784587860107422
    },
    "SIMBData": {
        "out": "amcQwB.o",
        "archive": "archive.0/_92770_archive_1.a",
        "bytes": 468324,
        "text": 0
    },
    "NameTable": {
        "_vcs_DPI_package": [
            "_vcs_DPI_package",
            "uM9F1",
            "module",
            1
        ],
        "vcs_paramclassrepository": [
            "vcs_paramclassrepository",
            "hEeZs",
            "module",
            2
        ],
        "uvm_custom_install_verdi_recording": [
            "uvm_custom_install_verdi_recording",
            "EbjT3",
            "module",
            7
        ],
        "std": [
            "std",
            "reYIK",
            "module",
            4
        ],
        "_vcs_unit__3993650595": [
            "_vcs_unit__3993650595",
            "bd5cU",
            "module",
            3
        ],
        "_vcs_msglog": [
            "_vcs_msglog",
            "zQBzV",
            "module",
            6
        ],
        "uvm_pkg": [
            "uvm_pkg",
            "zr7M1",
            "module",
            5
        ],
        "cmsdk_ahb_to_apb": [
            "cmsdk_ahb_to_apb",
            "jt5yu",
            "module",
            8
        ],
        "apb_interface": [
            "apb_interface",
            "ybpDS",
            "module",
            9
        ],
        "ahbl2apb_pkg": [
            "ahbl2apb_pkg",
            "qYwd2",
            "module",
            13
        ],
        "apb_pkg": [
            "apb_pkg",
            "xtRSS",
            "module",
            10
        ],
        "ahbl_interface": [
            "ahbl_interface",
            "qu7u3",
            "module",
            11
        ],
        "ahbl_pkg": [
            "ahbl_pkg",
            "bGNu9",
            "module",
            12
        ],
        "ahbl2apb_interface": [
            "ahbl2apb_interface",
            "CxL7J",
            "module",
            14
        ],
        "ahbl2apb_regRW11_tb": [
            "ahbl2apb_regRW11_tb",
            "WYwKJ",
            "module",
            15
        ],
        "...MASTER...": [
            "SIM",
            "amcQw",
            "module",
            16
        ]
    },
    "CompileStrategy": "fullobj",
    "Misc": {
        "daidir": "/home/zwn/uvm/AHBL2APB-Verification/sim/out/ahbl2apb_regRW11_tb.simv.daidir",
        "csrc": "csrc",
        "vcs_version": "O-2018.09-SP2_Full64",
        "master_pid": 92770,
        "vcs_build_date": "Build Date = Feb 28 2019 22:34:30",
        "csrc_abs": "/home/zwn/uvm/AHBL2APB-Verification/sim/csrc",
        "VCS_HOME": "/home/zwn/EDA/Synopsys/vcs/vcs/O-2018.09-SP2",
        "default_output_dir": "csrc",
        "hostname": "",
        "cwd": "/home/zwn/uvm/AHBL2APB-Verification/sim",
        "daidir_abs": "/home/zwn/uvm/AHBL2APB-Verification/sim/out/ahbl2apb_regRW11_tb.simv.daidir",
        "archive_dir": "archive.0"
    },
    "CurCompileUdps": {},
    "incremental": "on",
    "PEModules": [],
    "CompileProcesses": [
        "cgproc.92770.json"
    ],
    "rlimit": {
        "data": -1,
        "stack": -1
    },
    "CompileStatus": "Successful"
}