{
    "CurCompileModules": [
        "...MASTER...",
        "vcs_paramclassrepository",
        "_vcs_DPI_package",
        "_vcs_unit__3993650595",
        "std",
        "uvm_pkg",
        "_vcs_msglog",
        "uvm_custom_install_verdi_recording",
        "uvm_custom_install_verdi_recording",
        "cmsdk_ahb_to_apb",
        "apb_interface",
        "apb_pkg",
        "ahbl_interface",
        "ahbl_pkg",
        "ahbl2apb_pkg",
        "ahbl2apb_pkg",
        "ahbl2apb_interface",
        "ahbl2apb_regRW11_tb"
    ],
    "perf": [
        {
            "stat": [
                "main",
                "entry",
                0.19925904273986816,
                0.14927299999999999,
                0.201957,
                203576,
                203576,
                0.0,
                0.0,
                1690274547.00401,
                114990691129949
            ],
            "sub": [
                {
                    "stat": [
                        "doParsingAndDesignResolution",
                        "entry",
                        0.35065913200378418,
                        0.15362400000000001,
                        0.22661500000000001,
                        212572,
                        213372,
                        0.0,
                        0.0,
                        1690274547.1554101,
                        114991039904932
                    ],
                    "sub": []
                },
                {
                    "stat": [
                        "doParsingAndDesignResolution",
                        "exit",
                        7.6566550731658936,
                        3.5378620000000001,
                        4.0398560000000003,
                        261612,
                        262260,
                        0.0,
                        0.0,
                        1690274554.461406,
                        115007872671071
                    ],
                    "sub": []
                },
                {
                    "stat": [
                        "doPostDesignResolutionToVir2Vcs",
                        "entry",
                        7.7024500370025635,
                        3.5795529999999998,
                        4.0398560000000003,
                        261612,
                        262260,
                        0.0,
                        0.0,
                        1690274554.507201,
                        115007978497644
                    ],
                    "sub": [
                        {
                            "stat": [
                                "doUptoVir2VcsNoSepCleanup",
                                "entry",
                                8.9101459980010986,
                                4.7576559999999999,
                                4.0398560000000003,
                                263696,
                                263696,
                                0.0,
                                0.0,
                                1690274555.7148969,
                                115010760687200
                            ],
                            "sub": []
                        },
                        {
                            "stat": [
                                "doUptoVir2VcsNoSepCleanup",
                                "exit",
                                15.009498119354248,
                                9.2179640000000003,
                                5.2483009999999997,
                                273196,
                                289496,
                                0.044054999999999997,
                                0.31137599999999999,
                                1690274561.814249,
                                115024813432154
                            ],
                            "sub": []
                        },
                        {
                            "stat": [
                                "doRadify_vir2vcsAll",
                                "entry",
                                15.009591102600098,
                                9.2180250000000008,
                                5.248335,
                                273196,
                                289496,
                                0.044054999999999997,
                                0.31137599999999999,
                                1690274561.814342,
                                115024813559284
                            ],
                            "sub": []
                        },
                        {
                            "stat": [
                                "doRadify_vir2vcsAll",
                                "exit",
                                21.207156181335449,
                                10.605489,
                                9.6424020000000006,
                                301448,
                                301448,
                                0.044054999999999997,
                                0.31137599999999999,
                                1690274568.0119071,
                                115039092754516
                            ],
                            "sub": []
                        }
                    ]
                },
                {
                    "stat": [
                        "doPostDesignResolutionToVir2Vcs",
                        "exit",
                        21.207552194595337,
                        10.605696,
                        9.6425900000000002,
                        301448,
                        301448,
                        0.044054999999999997,
                        0.31137599999999999,
                        1690274568.0123031,
                        115039093578400
                    ],
                    "sub": []
                },
                {
                    "stat": [
                        "doGAToPass2",
                        "entry",
                        21.207626104354858,
                        10.605737,
                        9.6426280000000002,
                        301448,
                        301448,
                        0.044054999999999997,
                        0.31137599999999999,
                        1690274568.012377,
                        115039093667294
                    ],
                    "sub": [
                        {
                            "stat": [
                                "DoPass2",
                                "entry",
                                22.313125133514404,
                                10.637411,
                                9.6462760000000003,
                                292360,
                                301448,
                                0.054941999999999998,
                                1.2781290000000001,
                                1690274569.1178761,
                                115041640761536
                            ],
                            "sub": []
                        },
                        {
                            "stat": [
                                "DoPass2",
                                "exit",
                                26.423307180404663,
                                13.394600000000001,
                                10.351392000000001,
                                297084,
                                301448,
                                0.054941999999999998,
                                1.281668,
                                1690274573.2280581,
                                115051110552454
                            ],
                            "sub": []
                        }
                    ]
                },
                {
                    "stat": [
                        "doGAToPass2",
                        "exit",
                        26.440396070480347,
                        13.401194,
                        10.359033,
                        297084,
                        301448,
                        0.054941999999999998,
                        1.281668,
                        1690274573.245147,
                        115051150325186
                    ],
                    "sub": []
                }
            ]
        },
        {
            "stat": [
                "main",
                "exit",
                26.443392038345337,
                13.401441,
                10.361787,
                297084,
                301448,
                0.054941999999999998,
                1.281668,
                1690274573.248143,
                115051156761451
            ],
            "sub": []
        }
    ],
    "cycles_program_begin": 114990690700189,
    "CurCompileUdps": {},
    "PrevCompiledModules": {
        "ahbl2apb_pkg": {
            "qYwd2_d": {
                "archive": "archive.1/_96262_archive_1.a",
                "bytes": 467392,
                "checksum": 0,
                "out": "qYwd2_d.o",
                "mod": "ahbl2apb_pkg",
                "mode": 4
            }
        },
        "uvm_pkg": {
            "zr7M1_d": {
                "archive": "archive.1/_prev_archive_1.a",
                "bytes": 7082512,
                "checksum": 0,
                "out": "zr7M1_d.o",
                "mod": "uvm_pkg",
                "mode": 4
            }
        },
        "ahbl_pkg": {
            "bGNu9_d": {
                "archive": "archive.1/_prev_archive_1.a",
                "bytes": 554082,
                "checksum": 0,
                "out": "bGNu9_d.o",
                "mod": "ahbl_pkg",
                "mode": 4
            }
        },
        "ahbl2apb_interface": {
            "CxL7J_d": {
                "archive": "archive.1/_prev_archive_1.a",
                "bytes": 10948,
                "checksum": 0,
                "out": "CxL7J_d.o",
                "mod": "ahbl2apb_interface",
                "mode": 4
            }
        },
        "...MASTER...": {
            "amcQw_d": {
                "bytes": 9542,
                "checksum": 0,
                "out": "objs/amcQw_d.o",
                "mod": "...MASTER...",
                "mode": 4
            }
        },
        "uvm_custom_install_verdi_recording": {
            "EbjT3_d": {
                "archive": "archive.1/_96262_archive_1.a",
                "bytes": 1485364,
                "checksum": 0,
                "out": "EbjT3_d.o",
                "mod": "uvm_custom_install_verdi_recording",
                "mode": 4
            }
        },
        "ahbl2apb_regRW11_tb": {
            "WYwKJ_d": {
                "archive": "archive.1/_prev_archive_1.a",
                "bytes": 50662,
                "checksum": 0,
                "out": "WYwKJ_d.o",
                "mod": "ahbl2apb_regRW11_tb",
                "mode": 4
            }
        },
        "apb_interface": {
            "ybpDS_d": {
                "archive": "archive.1/_prev_archive_1.a",
                "bytes": 54268,
                "checksum": 0,
                "out": "ybpDS_d.o",
                "mod": "apb_interface",
                "mode": 4
            }
        },
        "apb_pkg": {
            "xtRSS_d": {
                "archive": "archive.1/_prev_archive_1.a",
                "bytes": 256200,
                "checksum": 0,
                "out": "xtRSS_d.o",
                "mod": "apb_pkg",
                "mode": 4
            }
        },
        "vcs_paramclassrepository": {
            "hEeZs_d": {
                "archive": "archive.1/_prev_archive_1.a",
                "bytes": 8467158,
                "checksum": 0,
                "out": "hEeZs_d.o",
                "mod": "vcs_paramclassrepository",
                "mode": 4
            }
        },
        "_vcs_DPI_package": {
            "uM9F1_d": {
                "archive": "archive.1/_prev_archive_1.a",
                "bytes": 21490,
                "checksum": 0,
                "out": "uM9F1_d.o",
                "mod": "_vcs_DPI_package",
                "mode": 4
            }
        },
        "std": {
            "reYIK_d": {
                "archive": "archive.1/_prev_archive_1.a",
                "bytes": 44348,
                "checksum": 0,
                "out": "reYIK_d.o",
                "mod": "std",
                "mode": 4
            }
        },
        "cmsdk_ahb_to_apb": {
            "jt5yu_d": {
                "archive": "archive.1/_prev_archive_1.a",
                "bytes": 42358,
                "checksum": 0,
                "out": "jt5yu_d.o",
                "mod": "cmsdk_ahb_to_apb",
                "mode": 4
            }
        },
        "_vcs_msglog": {
            "zQBzV_d": {
                "archive": "archive.1/_prev_archive_1.a",
                "bytes": 10674,
                "checksum": 0,
                "out": "zQBzV_d.o",
                "mod": "_vcs_msglog",
                "mode": 4
            }
        },
        "_vcs_unit__3993650595": {
            "bd5cU_d": {
                "archive": "archive.1/_prev_archive_1.a",
                "bytes": 16510,
                "checksum": 0,
                "out": "bd5cU_d.o",
                "mod": "_vcs_unit__3993650595",
                "mode": 4
            }
        },
        "ahbl_interface": {
            "qu7u3_d": {
                "archive": "archive.1/_prev_archive_1.a",
                "bytes": 79858,
                "checksum": 0,
                "out": "qu7u3_d.o",
                "mod": "ahbl_interface",
                "mode": 4
            }
        }
    },
    "cpu_cycles_pass2_start": 115041640771722,
    "MlibObjs": {},
    "LVLData": [
        "SIM"
    ],
    "PEModules": [],
    "NameTable": {
        "...MASTER...": [
            "SIM",
            "amcQw",
            "module",
            16
        ],
        "uvm_custom_install_verdi_recording": [
            "uvm_custom_install_verdi_recording",
            "EbjT3",
            "module",
            7
        ],
        "std": [
            "std",
            "reYIK",
            "module",
            4
        ],
        "_vcs_DPI_package": [
            "_vcs_DPI_package",
            "uM9F1",
            "module",
            1
        ],
        "_vcs_msglog": [
            "_vcs_msglog",
            "zQBzV",
            "module",
            6
        ],
        "vcs_paramclassrepository": [
            "vcs_paramclassrepository",
            "hEeZs",
            "module",
            2
        ],
        "_vcs_unit__3993650595": [
            "_vcs_unit__3993650595",
            "bd5cU",
            "module",
            3
        ],
        "uvm_pkg": [
            "uvm_pkg",
            "zr7M1",
            "module",
            5
        ],
        "ahbl2apb_pkg": [
            "ahbl2apb_pkg",
            "qYwd2",
            "module",
            13
        ],
        "cmsdk_ahb_to_apb": [
            "cmsdk_ahb_to_apb",
            "jt5yu",
            "module",
            8
        ],
        "apb_interface": [
            "apb_interface",
            "ybpDS",
            "module",
            9
        ],
        "apb_pkg": [
            "apb_pkg",
            "xtRSS",
            "module",
            10
        ],
        "ahbl_interface": [
            "ahbl_interface",
            "qu7u3",
            "module",
            11
        ],
        "ahbl2apb_interface": [
            "ahbl2apb_interface",
            "CxL7J",
            "module",
            14
        ],
        "ahbl_pkg": [
            "ahbl_pkg",
            "bGNu9",
            "module",
            12
        ],
        "ahbl2apb_regRW11_tb": [
            "ahbl2apb_regRW11_tb",
            "WYwKJ",
            "module",
            15
        ]
    },
    "CompileStrategy": "fullobj",
    "stat": {
        "ru_self_cgstart": {
            "ru_nvcsw": 26,
            "ru_utime_sec": 10.637453000000001,
            "ru_stime_sec": 9.6463140000000003,
            "ru_majflt": 3,
            "ru_maxrss_kb": 197176,
            "ru_minflt": 30380,
            "ru_nivcsw": 1908
        },
        "nMops": 577960,
        "ru_childs_end": {
            "ru_nvcsw": 29,
            "ru_utime_sec": 0.054941999999999998,
            "ru_stime_sec": 1.281668,
            "ru_majflt": 0,
            "ru_maxrss_kb": 197176,
            "ru_minflt": 5106,
            "ru_nivcsw": 163
        },
        "ru_childs_cgstart": {
            "ru_nvcsw": 28,
            "ru_utime_sec": 0.054941999999999998,
            "ru_stime_sec": 1.2781290000000001,
            "ru_majflt": 0,
            "ru_maxrss_kb": 197176,
            "ru_minflt": 4882,
            "ru_nivcsw": 158
        },
        "quadSpeed": 68063.609538102202,
        "cpu_cycles_cgstart": 115041640847912,
        "mopSpeed": 209103.65746884578,
        "Frontend(%)": 79.459651230200578,
        "ru_self_end": {
            "ru_nvcsw": 29,
            "ru_utime_sec": 13.401441,
            "ru_stime_sec": 10.361926,
            "ru_majflt": 5,
            "ru_maxrss_kb": 199120,
            "ru_minflt": 32465,
            "ru_nivcsw": 2230
        },
        "nQuads": 188127,
        "totalObjSize": 2366650,
        "cpu_cycles_total": 60466308654,
        "mop/quad": 3.0721799635352713,
        "cpu_cycles_end": 115051157008843,
        "outputSizePerQuad": 12.58006559398704,
        "CodeGen(%)": 20.540348769799426,
        "peak_mem_kb": 301448,
        "realTime": 26.443572998046875
    },
    "rlimit": {
        "data": -1,
        "stack": -1
    },
    "SIMBData": {
        "out": "amcQwB.o",
        "archive": "archive.1/_96262_archive_1.a",
        "bytes": 412966,
        "text": 0
    },
    "incremental": "on",
    "CompileProcesses": [
        "cgproc.96262.json"
    ],
    "Misc": {
        "vcs_version": "O-2018.09-SP2_Full64",
        "hostname": "",
        "csrc_abs": "/home/zwn/uvm/AHBL2APB-Verification/sim/csrc",
        "vcs_build_date": "Build Date = Feb 28 2019 22:34:30",
        "master_pid": 96262,
        "VCS_HOME": "/home/zwn/EDA/Synopsys/vcs/vcs/O-2018.09-SP2",
        "cwd": "/home/zwn/uvm/AHBL2APB-Verification/sim",
        "csrc": "csrc",
        "daidir": "/home/zwn/uvm/AHBL2APB-Verification/sim/out/ahbl2apb_regRW11_tb.simv.daidir",
        "daidir_abs": "/home/zwn/uvm/AHBL2APB-Verification/sim/out/ahbl2apb_regRW11_tb.simv.daidir",
        "default_output_dir": "csrc",
        "archive_dir": "archive.1"
    },
    "CompileStatus": "Successful"
}