{
    "vcs_paramclassrepository": [
        "vcs_paramclassrepository",
        "hEeZs",
        "module",
        10
    ],
    "IS42VM16400K": [
        "IS42VM16400K",
        "TzJKa",
        "module",
        3
    ],
    "sdrc_core": [
        "sdrc_core",
        "yYhTI",
        "module",
        12
    ],
    "std": [
        "std",
        "reYIK",
        "module",
        1
    ],
    "sdrc_xfr_ctl": [
        "sdrc_xfr_ctl",
        "gJJjI",
        "module",
        13
    ],
    "async_fifo_0001": [
        "async_fifo_0001",
        "AcpKd",
        "module",
        11
    ],
    "sdrc_bank_fsm": [
        "sdrc_bank_fsm",
        "ChjVu",
        "module",
        2
    ],
    "...MASTER...": [
        "SIM",
        "amcQw",
        "module",
        5
    ],
    "sdrc_top": [
        "sdrc_top",
        "NTNU2",
        "module",
        6
    ],
    "sdram_interface": [
        "sdram_interface",
        "hRpxA",
        "module",
        8
    ],
    "wb_interface": [
        "wb_interface",
        "g6bI7",
        "module",
        7
    ],
    "sdrc_package": [
        "sdrc_package",
        "nzhLY",
        "module",
        9
    ],
    "top_tb": [
        "top_tb",
        "W0eJz",
        "module",
        4
    ]
}