{
    "_vcs_DPI_package": [
        "_vcs_DPI_package",
        "uM9F1",
        "module",
        8
    ],
    "vcs_paramclassrepository": [
        "vcs_paramclassrepository",
        "hEeZs",
        "module",
        9
    ],
    "std": [
        "std",
        "reYIK",
        "module",
        1
    ],
    "cmsdk_ahb_to_apb": [
        "cmsdk_ahb_to_apb",
        "jt5yu",
        "module",
        2
    ],
    "_vcs_unit__1607640006": [
        "_vcs_unit__1607640006",
        "FgaA8",
        "module",
        10
    ],
    "uvm_custom_install_verdi_recording": [
        "uvm_custom_install_verdi_recording",
        "EbjT3",
        "module",
        13
    ],
    "ahbl_apb_package": [
        "ahbl_apb_package",
        "v2NcZ",
        "module",
        14
    ],
    "apb_interface": [
        "apb_interface",
        "ybpDS",
        "module",
        4
    ],
    "uvm_pkg": [
        "uvm_pkg",
        "zr7M1",
        "module",
        11
    ],
    "_vcs_msglog": [
        "_vcs_msglog",
        "zQBzV",
        "module",
        12
    ],
    "ahbl_interface": [
        "ahbl_interface",
        "qu7u3",
        "module",
        3
    ],
    "top_tb": [
        "top_tb",
        "W0eJz",
        "module",
        5
    ],
    "...MASTER...": [
        "SIM",
        "amcQw",
        "module",
        6
    ]
}